# ************************************************************
# Sequel Pro SQL dump
# Version 4541
#
# http://www.sequelpro.com/
# https://github.com/sequelpro/sequelpro
#
# Host: 127.0.0.1 (MySQL 5.5.5-10.1.13-MariaDB)
# Database: bus_system
# Generation Time: 2017-10-24 19:57:56 +0000
# ************************************************************


/*!40101 SET @OLD_CHARACTER_SET_CLIENT=@@CHARACTER_SET_CLIENT */;
/*!40101 SET @OLD_CHARACTER_SET_RESULTS=@@CHARACTER_SET_RESULTS */;
/*!40101 SET @OLD_COLLATION_CONNECTION=@@COLLATION_CONNECTION */;
/*!40101 SET NAMES utf8 */;
/*!40014 SET @OLD_FOREIGN_KEY_CHECKS=@@FOREIGN_KEY_CHECKS, FOREIGN_KEY_CHECKS=0 */;
/*!40101 SET @OLD_SQL_MODE=@@SQL_MODE, SQL_MODE='NO_AUTO_VALUE_ON_ZERO' */;
/*!40111 SET @OLD_SQL_NOTES=@@SQL_NOTES, SQL_NOTES=0 */;


# Dump of table busses
# ------------------------------------------------------------

DROP TABLE IF EXISTS `busses`;

CREATE TABLE `busses` (
  `id` int(11) unsigned NOT NULL AUTO_INCREMENT,
  `number` varchar(20) DEFAULT NULL,
  `starting_point_id` int(11) DEFAULT NULL,
  PRIMARY KEY (`id`)
) ENGINE=InnoDB DEFAULT CHARSET=latin1;

LOCK TABLES `busses` WRITE;
/*!40000 ALTER TABLE `busses` DISABLE KEYS */;

INSERT INTO `busses` (`id`, `number`, `starting_point_id`)
VALUES
	(1,'12a',1),
	(2,'',NULL);

/*!40000 ALTER TABLE `busses` ENABLE KEYS */;
UNLOCK TABLES;


# Dump of table point_in_day
# ------------------------------------------------------------

DROP TABLE IF EXISTS `point_in_day`;

CREATE TABLE `point_in_day` (
  `id` int(11) unsigned NOT NULL AUTO_INCREMENT,
  `bus_id` int(11) DEFAULT NULL,
  `point_id` int(11) DEFAULT NULL,
  `day` varchar(20) DEFAULT NULL,
  `hour` int(11) DEFAULT NULL,
  `minute` int(11) DEFAULT NULL,
  `time_of_day` varchar(30) DEFAULT NULL,
  `group_id` int(11) DEFAULT NULL,
  `arrival_hour` int(11) DEFAULT NULL,
  `arrival_minute` int(11) DEFAULT NULL,
  `departure_hour` int(11) DEFAULT NULL,
  `departure_minute` int(11) DEFAULT NULL,
  PRIMARY KEY (`id`)
) ENGINE=InnoDB DEFAULT CHARSET=latin1;

LOCK TABLES `point_in_day` WRITE;
/*!40000 ALTER TABLE `point_in_day` DISABLE KEYS */;

INSERT INTO `point_in_day` (`id`, `bus_id`, `point_id`, `day`, `hour`, `minute`, `time_of_day`, `group_id`, `arrival_hour`, `arrival_minute`, `departure_hour`, `departure_minute`)
VALUES
	(1,1,2,'Monday',4,45,NULL,0,4,45,4,45),
	(2,1,3,'Monday',4,53,NULL,0,4,53,4,53),
	(3,1,4,'Monday',5,1,NULL,0,5,1,5,1),
	(4,1,5,'Monday',5,16,NULL,0,5,16,5,20),
	(5,1,4,'Monday',5,30,NULL,0,5,30,5,30),
	(6,1,3,'Monday',5,40,NULL,0,5,40,5,40),
	(7,1,32,'Monday',5,45,NULL,0,5,45,5,45),
	(8,1,1,'Monday',6,3,NULL,0,6,3,4,55),
	(9,1,2,'Monday',5,10,NULL,0,5,10,5,10),
	(10,1,3,'Monday',5,18,NULL,0,5,18,5,18),
	(11,1,4,'Monday',5,26,NULL,0,5,26,5,26),
	(12,1,5,'Monday',5,41,NULL,0,5,41,5,45),
	(13,1,4,'Monday',5,55,NULL,0,5,55,5,55),
	(14,1,3,'Monday',6,5,NULL,0,6,5,6,5),
	(15,1,32,'Monday',6,10,NULL,0,6,10,6,10),
	(16,1,1,'Monday',6,28,NULL,0,6,28,5,15),
	(17,1,2,'Monday',5,30,NULL,0,5,30,5,30),
	(18,1,3,'Monday',5,38,NULL,0,5,38,5,38),
	(19,1,4,'Monday',5,46,NULL,0,5,46,5,46),
	(20,1,5,'Monday',6,1,NULL,0,6,1,6,5),
	(21,1,4,'Monday',6,20,NULL,0,6,20,6,20),
	(22,1,3,'Monday',6,30,NULL,0,6,30,6,30),
	(23,1,32,'Monday',6,35,NULL,0,6,35,6,35),
	(24,1,1,'Monday',6,53,NULL,0,6,53,5,35),
	(25,1,2,'Monday',5,50,NULL,0,5,50,5,50),
	(26,1,3,'Monday',5,58,NULL,0,5,58,5,58),
	(27,1,4,'Monday',6,6,NULL,0,6,6,6,6),
	(28,1,5,'Monday',6,26,NULL,0,6,26,6,30),
	(29,1,4,'Monday',6,45,NULL,0,6,45,6,45),
	(30,1,3,'Monday',6,55,NULL,0,6,55,6,55),
	(31,1,32,'Monday',7,0,NULL,0,7,0,7,5),
	(32,1,1,'Monday',7,18,NULL,0,7,18,5,55),
	(33,1,2,'Monday',6,10,NULL,0,6,10,6,10),
	(34,1,3,'Monday',6,20,NULL,0,6,20,6,20),
	(35,1,4,'Monday',6,40,NULL,0,6,40,6,40),
	(36,1,5,'Monday',7,0,NULL,0,7,0,7,5),
	(37,1,4,'Monday',7,20,NULL,0,7,20,7,20),
	(38,1,3,'Monday',7,30,NULL,0,7,30,7,30),
	(39,1,32,'Monday',7,35,NULL,0,7,35,7,35),
	(40,1,1,'Monday',7,53,NULL,0,7,53,6,5),
	(41,1,2,'Monday',6,30,NULL,0,6,30,6,30),
	(42,1,3,'Monday',6,40,NULL,0,6,40,6,40),
	(43,1,4,'Monday',6,52,NULL,0,6,52,6,52),
	(44,1,5,'Monday',7,12,NULL,0,7,12,7,17),
	(45,1,4,'Monday',7,32,NULL,0,7,32,7,32),
	(46,1,3,'Monday',7,42,NULL,0,7,42,7,42),
	(47,1,32,'Monday',7,47,NULL,0,7,47,7,50),
	(48,1,1,'Monday',8,5,NULL,0,8,5,6,15),
	(49,1,2,'Monday',6,40,NULL,0,6,40,6,40),
	(50,1,3,'Monday',6,50,NULL,0,6,50,6,50),
	(51,1,4,'Monday',7,2,NULL,0,7,2,7,2),
	(52,1,5,'Monday',7,22,NULL,0,7,22,7,25),
	(53,1,4,'Monday',7,40,NULL,0,7,40,7,40),
	(54,1,3,'Monday',7,50,NULL,0,7,50,7,50),
	(55,1,32,'Monday',7,55,NULL,0,7,55,7,55),
	(56,1,1,'Monday',8,13,NULL,0,8,13,6,40),
	(57,1,2,'Monday',7,5,NULL,0,7,5,7,5),
	(58,1,3,'Monday',7,15,NULL,0,7,15,7,15),
	(59,1,4,'Monday',7,27,NULL,0,7,27,7,27),
	(60,1,5,'Monday',7,47,NULL,0,7,47,7,50),
	(61,1,4,'Monday',8,5,NULL,0,8,5,6,15),
	(62,1,3,'Monday',8,15,NULL,0,8,15,8,15),
	(63,1,32,'Monday',8,20,NULL,0,8,20,8,20),
	(64,1,1,'Monday',8,38,NULL,0,8,38,7,0),
	(65,1,2,'Monday',7,25,NULL,0,7,25,7,25),
	(66,1,3,'Monday',7,35,NULL,0,7,35,7,35),
	(67,1,4,'Monday',7,47,NULL,0,7,47,7,50),
	(68,1,5,'Monday',8,7,NULL,0,8,7,8,15),
	(69,1,4,'Monday',8,30,NULL,0,8,30,8,30),
	(70,1,3,'Monday',8,40,NULL,0,8,40,8,40),
	(71,1,32,'Monday',8,45,NULL,0,8,45,8,45),
	(72,1,1,'Monday',9,3,NULL,0,9,3,7,25),
	(73,1,2,'Monday',7,50,NULL,0,7,50,7,50),
	(74,1,3,'Monday',8,0,NULL,0,8,0,8,0),
	(75,1,4,'Monday',8,12,NULL,0,8,12,8,12),
	(76,1,5,'Monday',8,32,NULL,0,8,32,8,40),
	(77,1,4,'Monday',8,55,NULL,0,8,55,8,55),
	(78,1,3,'Monday',9,5,NULL,0,9,5,9,5),
	(79,1,32,'Monday',9,10,NULL,0,9,10,9,10),
	(80,1,1,'Monday',9,28,NULL,0,9,28,7,55),
	(81,1,2,'Monday',8,20,NULL,0,8,20,8,20),
	(82,1,3,'Monday',8,30,NULL,0,8,30,8,30),
	(83,1,4,'Monday',8,42,NULL,0,8,42,8,42),
	(84,1,5,'Monday',9,2,NULL,0,9,2,9,10),
	(85,1,4,'Monday',9,25,NULL,0,9,25,9,25),
	(86,1,3,'Monday',9,35,NULL,0,9,35,9,35),
	(87,1,32,'Monday',9,40,NULL,0,9,40,9,40),
	(88,1,1,'Monday',9,58,NULL,0,9,58,8,10),
	(89,1,2,'Monday',8,35,NULL,0,8,35,8,35),
	(90,1,3,'Monday',8,45,NULL,0,8,45,8,45),
	(91,1,4,'Monday',8,57,NULL,0,8,57,8,57),
	(92,1,5,'Monday',9,17,NULL,0,9,17,9,25),
	(93,1,4,'Monday',9,40,NULL,0,9,40,9,40),
	(94,1,3,'Monday',9,50,NULL,0,9,50,9,50),
	(95,1,32,'Monday',9,55,NULL,0,9,55,9,55),
	(96,1,1,'Monday',10,13,NULL,0,10,13,8,20),
	(97,1,2,'Monday',8,45,NULL,0,8,45,8,45),
	(98,1,3,'Monday',8,55,NULL,0,8,55,8,55),
	(99,1,4,'Monday',9,7,NULL,0,9,7,9,7),
	(100,1,5,'Monday',9,22,NULL,0,9,22,9,30),
	(101,1,4,'Monday',9,45,NULL,0,9,45,9,45),
	(102,1,3,'Monday',9,55,NULL,0,9,55,9,55),
	(103,1,32,'Monday',10,0,NULL,0,10,0,10,0),
	(104,1,1,'Monday',10,18,NULL,0,10,18,8,45),
	(105,1,2,'Monday',9,10,NULL,0,9,10,9,10),
	(106,1,3,'Monday',9,15,NULL,0,9,15,9,15),
	(107,1,4,'Monday',9,27,NULL,0,9,27,9,27),
	(108,1,5,'Monday',9,42,NULL,0,9,42,9,50),
	(109,1,4,'Monday',10,5,NULL,0,10,5,10,5),
	(110,1,3,'Monday',10,15,NULL,0,10,15,10,15),
	(111,1,32,'Monday',10,20,NULL,0,10,20,10,20),
	(112,1,1,'Monday',10,38,NULL,0,10,38,9,10),
	(113,1,2,'Monday',9,35,NULL,0,9,35,9,35),
	(114,1,3,'Monday',9,40,NULL,0,9,40,9,40),
	(115,1,4,'Monday',9,52,NULL,0,9,52,9,52),
	(116,1,5,'Monday',10,7,NULL,0,10,7,10,15),
	(117,1,4,'Monday',10,30,NULL,0,10,30,10,30),
	(118,1,3,'Monday',10,40,NULL,0,10,40,10,40),
	(119,1,32,'Monday',10,45,NULL,0,10,45,10,45),
	(120,1,1,'Monday',11,3,NULL,0,11,3,9,35),
	(121,1,2,'Monday',10,0,NULL,0,10,0,10,0),
	(122,1,3,'Monday',10,5,NULL,0,10,5,10,5),
	(123,1,4,'Monday',10,17,NULL,0,10,17,10,17),
	(124,1,5,'Monday',10,32,NULL,0,10,32,10,40),
	(125,1,4,'Monday',10,55,NULL,0,10,55,10,55),
	(126,1,3,'Monday',11,5,NULL,0,11,5,11,5),
	(127,1,32,'Monday',11,10,NULL,0,11,10,11,10),
	(128,1,1,'Monday',11,28,NULL,0,11,28,9,45),
	(129,1,2,'Monday',10,10,NULL,0,10,10,10,10),
	(130,1,3,'Monday',10,15,NULL,0,10,15,10,15),
	(131,1,4,'Monday',10,27,NULL,0,10,27,10,27),
	(132,1,5,'Monday',10,42,NULL,0,10,42,10,50),
	(133,1,4,'Monday',11,5,NULL,0,11,5,11,5),
	(134,1,3,'Monday',11,15,NULL,0,11,15,11,15),
	(135,1,32,'Monday',11,20,NULL,0,11,20,11,20),
	(136,1,1,'Monday',11,38,NULL,0,11,38,10,0),
	(137,1,2,'Monday',10,25,NULL,0,10,25,10,25),
	(138,1,3,'Monday',10,30,NULL,0,10,30,10,30),
	(139,1,4,'Monday',10,42,NULL,0,10,42,10,50),
	(140,1,5,'Monday',10,57,NULL,0,10,57,11,5),
	(141,1,4,'Monday',11,20,NULL,0,11,20,11,20),
	(142,1,3,'Monday',11,30,NULL,0,11,30,11,30),
	(143,1,32,'Monday',11,35,NULL,0,11,35,11,35),
	(144,1,1,'Monday',11,53,NULL,0,11,53,10,25),
	(145,1,2,'Monday',10,50,NULL,0,10,50,10,50),
	(146,1,3,'Monday',10,55,NULL,0,10,55,10,55),
	(147,1,4,'Monday',11,7,NULL,0,11,7,11,7),
	(148,1,5,'Monday',11,22,NULL,0,11,22,11,25),
	(149,1,4,'Monday',11,40,NULL,0,11,40,11,40),
	(150,1,3,'Monday',11,50,NULL,0,11,50,11,50),
	(151,1,32,'Monday',11,55,NULL,0,11,55,11,55),
	(152,1,1,'Monday',24,13,NULL,0,24,13,10,50),
	(153,1,2,'Monday',11,15,NULL,0,11,15,11,15),
	(154,1,3,'Monday',11,20,NULL,0,11,20,11,20),
	(155,1,4,'Monday',11,32,NULL,0,11,32,11,32),
	(156,1,5,'Monday',11,47,NULL,0,11,47,11,50),
	(157,1,4,'Monday',24,5,NULL,0,24,5,24,5),
	(158,1,3,'Monday',24,15,NULL,0,24,15,24,15),
	(159,1,32,'Monday',24,25,NULL,0,24,25,24,25),
	(160,1,1,'Monday',24,43,NULL,0,24,43,11,15),
	(161,1,2,'Monday',11,40,NULL,0,11,40,11,40),
	(162,1,3,'Monday',11,45,NULL,0,11,45,11,45),
	(163,1,4,'Monday',11,57,NULL,0,11,57,11,57),
	(164,1,5,'Monday',24,12,NULL,0,24,12,24,15),
	(165,1,4,'Monday',24,30,NULL,0,24,30,24,30),
	(166,1,3,'Monday',24,40,NULL,0,24,40,24,40),
	(167,1,32,'Monday',24,50,NULL,0,24,50,24,50),
	(168,1,1,'Monday',13,8,NULL,0,13,8,11,40),
	(169,1,2,'Monday',24,5,NULL,0,24,5,24,5),
	(170,1,3,'Monday',24,10,NULL,0,24,10,24,10),
	(171,1,4,'Monday',24,22,NULL,0,24,22,24,22),
	(172,1,5,'Monday',24,37,NULL,0,24,37,24,40),
	(173,1,4,'Monday',24,55,NULL,0,24,55,24,55),
	(174,1,3,'Monday',13,5,NULL,0,13,5,13,5),
	(175,1,32,'Monday',13,15,NULL,0,13,15,13,15),
	(176,1,1,'Monday',13,33,NULL,0,13,33,24,10),
	(177,1,2,'Monday',24,35,NULL,0,24,35,24,35),
	(178,1,3,'Monday',24,40,NULL,0,24,40,24,40),
	(179,1,4,'Monday',24,52,NULL,0,24,52,24,52),
	(180,1,5,'Monday',13,7,NULL,0,13,7,13,10),
	(181,1,4,'Monday',13,25,NULL,0,13,25,13,25),
	(182,1,3,'Monday',13,35,NULL,0,13,35,13,35),
	(183,1,32,'Monday',13,45,NULL,0,13,45,13,45),
	(184,1,1,'Monday',14,3,NULL,0,14,3,24,45),
	(185,1,2,'Monday',13,10,NULL,0,13,10,13,10),
	(186,1,3,'Monday',13,15,NULL,0,13,15,13,15),
	(187,1,4,'Monday',13,27,NULL,0,13,27,13,27),
	(188,1,5,'Monday',13,42,NULL,0,13,42,13,50),
	(189,1,4,'Monday',14,5,NULL,0,14,5,14,5),
	(190,1,3,'Monday',14,15,NULL,0,14,15,14,15),
	(191,1,32,'Monday',14,25,NULL,0,14,25,14,25),
	(192,1,1,'Monday',14,43,NULL,0,14,43,13,10),
	(193,1,2,'Monday',13,35,NULL,0,13,35,13,35),
	(194,1,3,'Monday',13,40,NULL,0,13,40,13,40),
	(195,1,4,'Monday',13,52,NULL,0,13,52,13,52),
	(196,1,5,'Monday',14,7,NULL,0,14,7,14,15),
	(197,1,4,'Monday',14,30,NULL,0,14,30,14,30),
	(198,1,3,'Monday',14,40,NULL,0,14,40,14,40),
	(199,1,32,'Monday',14,50,NULL,0,14,50,14,50),
	(200,1,1,'Monday',15,8,NULL,0,15,8,13,20),
	(201,1,2,'Monday',13,45,NULL,0,13,45,13,45),
	(202,1,3,'Monday',13,50,NULL,0,13,50,13,50),
	(203,1,4,'Monday',14,2,NULL,0,14,2,14,2),
	(204,1,5,'Monday',14,17,NULL,0,14,17,14,25),
	(205,1,4,'Monday',14,40,NULL,0,14,40,14,40),
	(206,1,3,'Monday',14,50,NULL,0,14,50,14,50),
	(207,1,32,'Monday',15,0,NULL,0,15,0,15,0),
	(208,1,1,'Monday',15,18,NULL,0,15,18,13,55),
	(209,1,2,'Monday',14,20,NULL,0,14,20,14,20),
	(210,1,3,'Monday',14,25,NULL,0,14,25,14,25),
	(211,1,4,'Monday',14,37,NULL,0,14,37,14,37),
	(212,1,5,'Monday',14,52,NULL,0,14,52,15,0),
	(213,1,4,'Monday',15,15,NULL,0,15,15,15,15),
	(214,1,3,'Monday',15,25,NULL,0,15,25,15,25),
	(215,1,32,'Monday',15,35,NULL,0,15,35,15,35),
	(216,1,1,'Monday',15,53,NULL,0,15,53,14,30),
	(217,1,2,'Monday',14,55,NULL,0,14,55,14,55),
	(218,1,3,'Monday',15,0,NULL,0,15,0,15,0),
	(219,1,4,'Monday',15,12,NULL,0,15,12,15,12),
	(220,1,5,'Monday',15,27,NULL,0,15,27,15,35),
	(221,1,4,'Monday',15,50,NULL,0,15,50,15,50),
	(222,1,3,'Monday',16,0,NULL,0,16,0,16,0),
	(223,1,32,'Monday',16,10,NULL,0,16,10,16,10),
	(224,1,1,'Monday',16,28,NULL,0,16,28,14,50),
	(225,1,2,'Monday',15,15,NULL,0,15,15,15,15),
	(226,1,3,'Monday',15,20,NULL,0,15,20,15,20),
	(227,1,4,'Monday',15,32,NULL,0,15,32,15,32),
	(228,1,5,'Monday',15,47,NULL,0,15,47,15,55),
	(229,1,4,'Monday',16,10,NULL,0,16,10,16,10),
	(230,1,3,'Monday',16,20,NULL,0,16,20,16,20),
	(231,1,32,'Monday',16,30,NULL,0,16,30,16,30),
	(232,1,1,'Monday',16,55,NULL,0,16,55,17,0),
	(233,1,2,'Monday',15,35,NULL,0,15,35,15,35),
	(234,1,3,'Monday',15,40,NULL,0,15,40,15,40),
	(235,1,4,'Monday',15,50,NULL,0,15,50,15,50),
	(236,1,5,'Monday',16,5,NULL,0,16,5,16,10),
	(237,1,4,'Monday',16,25,NULL,0,16,25,16,30),
	(238,1,3,'Monday',16,40,NULL,0,16,40,16,40),
	(239,1,32,'Monday',16,50,NULL,0,16,50,16,50),
	(240,1,1,'Monday',17,10,NULL,0,17,10,15,20),
	(241,1,2,'Monday',15,45,NULL,0,15,45,15,45),
	(242,1,3,'Monday',15,50,NULL,0,15,50,15,50),
	(243,1,4,'Monday',16,0,NULL,0,16,0,16,0),
	(244,1,5,'Monday',16,15,NULL,0,16,15,16,20),
	(245,1,4,'Monday',16,50,NULL,0,16,50,16,50),
	(246,1,3,'Monday',17,5,NULL,0,17,5,17,5),
	(247,1,32,'Monday',17,15,NULL,0,17,15,17,15),
	(248,1,1,'Monday',17,35,NULL,0,17,35,15,30),
	(249,1,2,'Monday',15,55,NULL,0,15,55,15,55),
	(250,1,3,'Monday',16,0,NULL,0,16,0,16,0),
	(251,1,4,'Monday',16,10,NULL,0,16,10,16,10),
	(252,1,5,'Monday',16,25,NULL,0,16,25,16,30),
	(253,1,4,'Monday',17,0,NULL,0,17,0,17,0),
	(254,1,3,'Monday',17,15,NULL,0,17,15,17,15),
	(255,1,32,'Monday',17,25,NULL,0,17,25,17,30),
	(256,1,1,'Monday',17,45,NULL,0,17,45,16,0),
	(257,1,2,'Monday',16,25,NULL,0,16,25,16,30),
	(258,1,3,'Monday',16,30,NULL,0,16,30,16,30),
	(259,1,4,'Monday',16,40,NULL,0,16,40,16,40),
	(260,1,5,'Monday',16,55,NULL,0,16,55,17,0),
	(261,1,4,'Monday',17,15,NULL,0,17,15,17,15),
	(262,1,3,'Monday',17,30,NULL,0,17,30,17,30),
	(263,1,32,'Monday',17,40,NULL,0,17,40,17,40),
	(264,1,1,'Monday',18,0,NULL,0,18,0,16,30),
	(265,1,2,'Monday',16,55,NULL,0,16,55,17,0),
	(266,1,3,'Monday',17,0,NULL,0,17,0,17,0),
	(267,1,4,'Monday',17,10,NULL,0,17,10,15,20),
	(268,1,5,'Monday',17,25,NULL,0,17,25,17,30),
	(269,1,4,'Monday',17,45,NULL,0,17,45,16,0),
	(270,1,3,'Monday',18,0,NULL,0,18,0,16,30),
	(271,1,32,'Monday',18,10,NULL,0,18,10,18,10),
	(272,1,1,'Monday',18,30,NULL,0,18,30,17,0),
	(273,1,2,'Monday',17,25,NULL,0,17,25,17,30),
	(274,1,3,'Monday',17,30,NULL,0,17,30,17,30),
	(275,1,4,'Monday',17,40,NULL,0,17,40,17,40),
	(276,1,5,'Monday',17,55,NULL,0,17,55,17,58),
	(277,1,4,'Monday',18,13,NULL,0,18,13,18,13),
	(278,1,3,'Monday',18,28,NULL,0,18,28,18,28),
	(279,1,32,'Monday',18,38,NULL,0,18,38,18,38),
	(280,1,1,'Monday',18,58,NULL,0,18,58,17,25),
	(281,1,2,'Monday',17,50,NULL,0,17,50,17,50),
	(282,1,3,'Monday',17,55,NULL,0,17,55,17,58),
	(283,1,4,'Monday',18,5,NULL,0,18,5,18,5),
	(284,1,5,'Monday',18,20,NULL,0,18,20,18,23),
	(285,1,4,'Monday',18,38,NULL,0,18,38,18,38),
	(286,1,3,'Monday',18,53,NULL,0,18,53,18,53),
	(287,1,32,'Monday',19,3,NULL,0,19,3,19,3),
	(288,1,1,'Monday',19,23,NULL,0,19,23,17,37),
	(289,1,2,'Monday',18,2,NULL,0,18,2,18,2),
	(290,1,3,'Monday',18,7,NULL,0,18,7,18,7),
	(291,1,4,'Monday',18,17,NULL,0,18,17,18,17),
	(292,1,5,'Monday',18,32,NULL,0,18,32,18,35),
	(293,1,4,'Monday',18,50,NULL,0,18,50,18,50),
	(294,1,3,'Monday',19,5,NULL,0,19,5,19,5),
	(295,1,32,'Monday',19,15,NULL,0,19,15,19,15),
	(296,1,1,'Monday',19,35,NULL,0,19,35,19,45),
	(297,1,2,'Monday',18,15,NULL,0,18,15,18,15),
	(298,1,3,'Monday',18,20,NULL,0,18,20,18,23),
	(299,1,4,'Monday',18,30,NULL,0,18,30,17,0),
	(300,1,5,'Monday',18,45,NULL,0,18,45,18,48),
	(301,1,4,'Monday',19,3,NULL,0,19,3,19,3),
	(302,1,3,'Monday',19,18,NULL,0,19,18,19,18),
	(303,1,32,'Monday',19,28,NULL,0,19,28,19,28),
	(304,1,1,'Monday',19,48,NULL,0,19,48,18,15),
	(305,1,2,'Monday',18,40,NULL,0,18,40,18,40),
	(306,1,3,'Monday',18,45,NULL,0,18,45,18,48),
	(307,1,4,'Monday',18,55,NULL,0,18,55,18,55),
	(308,1,5,'Monday',19,10,NULL,0,19,10,19,15),
	(309,1,4,'Monday',19,30,NULL,0,19,30,19,30),
	(310,1,3,'Monday',19,45,NULL,0,19,45,19,45),
	(311,1,32,'Monday',19,55,NULL,0,19,55,19,55),
	(312,1,1,'Monday',20,15,NULL,0,20,15,18,40),
	(313,1,2,'Monday',19,5,NULL,0,19,5,19,5),
	(314,1,3,'Monday',19,10,NULL,0,19,10,19,15),
	(315,1,4,'Monday',19,20,NULL,0,19,20,19,20),
	(316,1,5,'Monday',19,35,NULL,0,19,35,19,45),
	(317,1,4,'Monday',20,0,NULL,0,20,0,20,5),
	(318,1,3,'Monday',20,15,NULL,0,20,15,18,40),
	(319,1,32,'Monday',20,25,NULL,0,20,25,20,30),
	(320,1,1,'Monday',20,45,NULL,0,20,45,19,5),
	(321,1,2,'Monday',19,30,NULL,0,19,30,19,30),
	(322,1,3,'Monday',19,35,NULL,0,19,35,19,45),
	(323,1,4,'Monday',19,45,NULL,0,19,45,19,45),
	(324,1,5,'Monday',20,0,NULL,0,20,0,20,5),
	(325,1,4,'Monday',20,20,NULL,0,20,20,20,20),
	(326,1,3,'Monday',20,35,NULL,0,20,35,20,35),
	(327,1,32,'Monday',20,45,NULL,0,20,45,19,5),
	(328,1,1,'Monday',21,5,NULL,0,21,5,19,30),
	(329,1,2,'Monday',19,55,NULL,0,19,55,19,55),
	(330,1,3,'Monday',20,0,NULL,0,20,0,20,5),
	(331,1,4,'Monday',20,10,NULL,0,20,10,20,10),
	(332,1,5,'Monday',20,25,NULL,0,20,25,20,30),
	(333,1,4,'Monday',20,45,NULL,0,20,45,19,5),
	(334,1,3,'Monday',21,0,NULL,0,21,0,21,0),
	(335,1,32,'Monday',21,10,NULL,0,21,10,21,10),
	(336,1,1,'Monday',21,30,NULL,0,21,30,19,55),
	(337,1,2,'Monday',20,20,NULL,0,20,20,20,20),
	(338,1,3,'Monday',20,25,NULL,0,20,25,20,30),
	(339,1,4,'Monday',20,35,NULL,0,20,35,20,35),
	(340,1,5,'Monday',20,50,NULL,0,20,50,20,55),
	(341,1,4,'Monday',21,10,NULL,0,21,10,21,10),
	(342,1,3,'Monday',21,25,NULL,0,21,25,21,25),
	(343,1,32,'Monday',21,35,NULL,0,21,35,21,35),
	(344,1,1,'Monday',21,50,NULL,0,21,50,21,55),
	(345,1,2,'Monday',20,50,NULL,0,20,50,20,55),
	(346,1,3,'Monday',20,55,NULL,0,20,55,20,55),
	(347,1,4,'Monday',21,5,NULL,0,21,5,19,30),
	(348,1,5,'Monday',21,20,NULL,0,21,20,21,25),
	(349,1,4,'Monday',21,40,NULL,0,21,40,21,40),
	(350,1,3,'Monday',21,55,NULL,0,21,55,21,55),
	(351,1,32,'Monday',22,5,NULL,0,22,5,22,5),
	(352,1,1,'Monday',22,20,NULL,0,22,20,20,55),
	(353,1,2,'Monday',21,20,NULL,0,21,20,21,25),
	(354,1,3,'Monday',21,25,NULL,0,21,25,21,25),
	(355,1,4,'Monday',21,35,NULL,0,21,35,21,35),
	(356,1,5,'Monday',21,50,NULL,0,21,50,21,55),
	(357,1,4,'Monday',22,10,NULL,0,22,10,22,10),
	(358,1,3,'Monday',22,25,NULL,0,22,25,22,35),
	(359,1,32,'Monday',22,35,NULL,0,22,35,22,35),
	(360,1,1,'Monday',22,50,NULL,0,22,50,21,30),
	(361,1,2,'Monday',21,55,NULL,0,21,55,21,55),
	(362,1,3,'Monday',22,0,NULL,0,22,0,22,0),
	(363,1,4,'Monday',22,10,NULL,0,22,10,22,10),
	(364,1,5,'Monday',22,25,NULL,0,22,25,22,35),
	(365,1,4,'Monday',22,50,NULL,0,22,50,21,30),
	(366,1,3,'Monday',23,0,NULL,0,23,0,23,0),
	(367,1,32,'Monday',23,5,NULL,0,23,5,23,5),
	(368,1,1,'Monday',23,20,NULL,0,23,20,4,30),
	(369,1,2,'Tuesday',4,45,NULL,0,4,45,4,45),
	(370,1,3,'Tuesday',4,53,NULL,0,4,53,4,53),
	(371,1,4,'Tuesday',5,1,NULL,0,5,1,5,1),
	(372,1,5,'Tuesday',5,16,NULL,0,5,16,5,20),
	(373,1,4,'Tuesday',5,30,NULL,0,5,30,5,30),
	(374,1,3,'Tuesday',5,40,NULL,0,5,40,5,40),
	(375,1,32,'Tuesday',5,45,NULL,0,5,45,5,45),
	(376,1,1,'Tuesday',6,3,NULL,0,6,3,4,55),
	(377,1,2,'Tuesday',5,10,NULL,0,5,10,5,10),
	(378,1,3,'Tuesday',5,18,NULL,0,5,18,5,18),
	(379,1,4,'Tuesday',5,26,NULL,0,5,26,5,26),
	(380,1,5,'Tuesday',5,41,NULL,0,5,41,5,45),
	(381,1,4,'Tuesday',5,55,NULL,0,5,55,5,55),
	(382,1,3,'Tuesday',6,5,NULL,0,6,5,6,5),
	(383,1,32,'Tuesday',6,10,NULL,0,6,10,6,10),
	(384,1,1,'Tuesday',6,28,NULL,0,6,28,5,15),
	(385,1,2,'Tuesday',5,30,NULL,0,5,30,5,30),
	(386,1,3,'Tuesday',5,38,NULL,0,5,38,5,38),
	(387,1,4,'Tuesday',5,46,NULL,0,5,46,5,46),
	(388,1,5,'Tuesday',6,1,NULL,0,6,1,6,5),
	(389,1,4,'Tuesday',6,20,NULL,0,6,20,6,20),
	(390,1,3,'Tuesday',6,30,NULL,0,6,30,6,30),
	(391,1,32,'Tuesday',6,35,NULL,0,6,35,6,35),
	(392,1,1,'Tuesday',6,53,NULL,0,6,53,5,35),
	(393,1,2,'Tuesday',5,50,NULL,0,5,50,5,50),
	(394,1,3,'Tuesday',5,58,NULL,0,5,58,5,58),
	(395,1,4,'Tuesday',6,6,NULL,0,6,6,6,6),
	(396,1,5,'Tuesday',6,26,NULL,0,6,26,6,30),
	(397,1,4,'Tuesday',6,45,NULL,0,6,45,6,45),
	(398,1,3,'Tuesday',6,55,NULL,0,6,55,6,55),
	(399,1,32,'Tuesday',7,0,NULL,0,7,0,7,5),
	(400,1,1,'Tuesday',7,18,NULL,0,7,18,5,55),
	(401,1,2,'Tuesday',6,10,NULL,0,6,10,6,10),
	(402,1,3,'Tuesday',6,20,NULL,0,6,20,6,20),
	(403,1,4,'Tuesday',6,40,NULL,0,6,40,6,40),
	(404,1,5,'Tuesday',7,0,NULL,0,7,0,7,5),
	(405,1,4,'Tuesday',7,20,NULL,0,7,20,7,20),
	(406,1,3,'Tuesday',7,30,NULL,0,7,30,7,30),
	(407,1,32,'Tuesday',7,35,NULL,0,7,35,7,35),
	(408,1,1,'Tuesday',7,53,NULL,0,7,53,6,5),
	(409,1,2,'Tuesday',6,30,NULL,0,6,30,6,30),
	(410,1,3,'Tuesday',6,40,NULL,0,6,40,6,40),
	(411,1,4,'Tuesday',6,52,NULL,0,6,52,6,52),
	(412,1,5,'Tuesday',7,12,NULL,0,7,12,7,17),
	(413,1,4,'Tuesday',7,32,NULL,0,7,32,7,32),
	(414,1,3,'Tuesday',7,42,NULL,0,7,42,7,42),
	(415,1,32,'Tuesday',7,47,NULL,0,7,47,7,50),
	(416,1,1,'Tuesday',8,5,NULL,0,8,5,6,15),
	(417,1,2,'Tuesday',6,40,NULL,0,6,40,6,40),
	(418,1,3,'Tuesday',6,50,NULL,0,6,50,6,50),
	(419,1,4,'Tuesday',7,2,NULL,0,7,2,7,2),
	(420,1,5,'Tuesday',7,22,NULL,0,7,22,7,25),
	(421,1,4,'Tuesday',7,40,NULL,0,7,40,7,40),
	(422,1,3,'Tuesday',7,50,NULL,0,7,50,7,50),
	(423,1,32,'Tuesday',7,55,NULL,0,7,55,7,55),
	(424,1,1,'Tuesday',8,13,NULL,0,8,13,6,40),
	(425,1,2,'Tuesday',7,5,NULL,0,7,5,7,5),
	(426,1,3,'Tuesday',7,15,NULL,0,7,15,7,15),
	(427,1,4,'Tuesday',7,27,NULL,0,7,27,7,27),
	(428,1,5,'Tuesday',7,47,NULL,0,7,47,7,50),
	(429,1,4,'Tuesday',8,5,NULL,0,8,5,6,15),
	(430,1,3,'Tuesday',8,15,NULL,0,8,15,8,15),
	(431,1,32,'Tuesday',8,20,NULL,0,8,20,8,20),
	(432,1,1,'Tuesday',8,38,NULL,0,8,38,7,0),
	(433,1,2,'Tuesday',7,25,NULL,0,7,25,7,25),
	(434,1,3,'Tuesday',7,35,NULL,0,7,35,7,35),
	(435,1,4,'Tuesday',7,47,NULL,0,7,47,7,50),
	(436,1,5,'Tuesday',8,7,NULL,0,8,7,8,15),
	(437,1,4,'Tuesday',8,30,NULL,0,8,30,8,30),
	(438,1,3,'Tuesday',8,40,NULL,0,8,40,8,40),
	(439,1,32,'Tuesday',8,45,NULL,0,8,45,8,45),
	(440,1,1,'Tuesday',9,3,NULL,0,9,3,7,25),
	(441,1,2,'Tuesday',7,50,NULL,0,7,50,7,50),
	(442,1,3,'Tuesday',8,0,NULL,0,8,0,8,0),
	(443,1,4,'Tuesday',8,12,NULL,0,8,12,8,12),
	(444,1,5,'Tuesday',8,32,NULL,0,8,32,8,40),
	(445,1,4,'Tuesday',8,55,NULL,0,8,55,8,55),
	(446,1,3,'Tuesday',9,5,NULL,0,9,5,9,5),
	(447,1,32,'Tuesday',9,10,NULL,0,9,10,9,10),
	(448,1,1,'Tuesday',9,28,NULL,0,9,28,7,55),
	(449,1,2,'Tuesday',8,20,NULL,0,8,20,8,20),
	(450,1,3,'Tuesday',8,30,NULL,0,8,30,8,30),
	(451,1,4,'Tuesday',8,42,NULL,0,8,42,8,42),
	(452,1,5,'Tuesday',9,2,NULL,0,9,2,9,10),
	(453,1,4,'Tuesday',9,25,NULL,0,9,25,9,25),
	(454,1,3,'Tuesday',9,35,NULL,0,9,35,9,35),
	(455,1,32,'Tuesday',9,40,NULL,0,9,40,9,40),
	(456,1,1,'Tuesday',9,58,NULL,0,9,58,8,10),
	(457,1,2,'Tuesday',8,35,NULL,0,8,35,8,35),
	(458,1,3,'Tuesday',8,45,NULL,0,8,45,8,45),
	(459,1,4,'Tuesday',8,57,NULL,0,8,57,8,57),
	(460,1,5,'Tuesday',9,17,NULL,0,9,17,9,25),
	(461,1,4,'Tuesday',9,40,NULL,0,9,40,9,40),
	(462,1,3,'Tuesday',9,50,NULL,0,9,50,9,50),
	(463,1,32,'Tuesday',9,55,NULL,0,9,55,9,55),
	(464,1,1,'Tuesday',10,13,NULL,0,10,13,8,20),
	(465,1,2,'Tuesday',8,45,NULL,0,8,45,8,45),
	(466,1,3,'Tuesday',8,55,NULL,0,8,55,8,55),
	(467,1,4,'Tuesday',9,7,NULL,0,9,7,9,7),
	(468,1,5,'Tuesday',9,22,NULL,0,9,22,9,30),
	(469,1,4,'Tuesday',9,45,NULL,0,9,45,9,45),
	(470,1,3,'Tuesday',9,55,NULL,0,9,55,9,55),
	(471,1,32,'Tuesday',10,0,NULL,0,10,0,10,0),
	(472,1,1,'Tuesday',10,18,NULL,0,10,18,8,45),
	(473,1,2,'Tuesday',9,10,NULL,0,9,10,9,10),
	(474,1,3,'Tuesday',9,15,NULL,0,9,15,9,15),
	(475,1,4,'Tuesday',9,27,NULL,0,9,27,9,27),
	(476,1,5,'Tuesday',9,42,NULL,0,9,42,9,50),
	(477,1,4,'Tuesday',10,5,NULL,0,10,5,10,5),
	(478,1,3,'Tuesday',10,15,NULL,0,10,15,10,15),
	(479,1,32,'Tuesday',10,20,NULL,0,10,20,10,20),
	(480,1,1,'Tuesday',10,38,NULL,0,10,38,9,10),
	(481,1,2,'Tuesday',9,35,NULL,0,9,35,9,35),
	(482,1,3,'Tuesday',9,40,NULL,0,9,40,9,40),
	(483,1,4,'Tuesday',9,52,NULL,0,9,52,9,52),
	(484,1,5,'Tuesday',10,7,NULL,0,10,7,10,15),
	(485,1,4,'Tuesday',10,30,NULL,0,10,30,10,30),
	(486,1,3,'Tuesday',10,40,NULL,0,10,40,10,40),
	(487,1,32,'Tuesday',10,45,NULL,0,10,45,10,45),
	(488,1,1,'Tuesday',11,3,NULL,0,11,3,9,35),
	(489,1,2,'Tuesday',10,0,NULL,0,10,0,10,0),
	(490,1,3,'Tuesday',10,5,NULL,0,10,5,10,5),
	(491,1,4,'Tuesday',10,17,NULL,0,10,17,10,17),
	(492,1,5,'Tuesday',10,32,NULL,0,10,32,10,40),
	(493,1,4,'Tuesday',10,55,NULL,0,10,55,10,55),
	(494,1,3,'Tuesday',11,5,NULL,0,11,5,11,5),
	(495,1,32,'Tuesday',11,10,NULL,0,11,10,11,10),
	(496,1,1,'Tuesday',11,28,NULL,0,11,28,9,45),
	(497,1,2,'Tuesday',10,10,NULL,0,10,10,10,10),
	(498,1,3,'Tuesday',10,15,NULL,0,10,15,10,15),
	(499,1,4,'Tuesday',10,27,NULL,0,10,27,10,27),
	(500,1,5,'Tuesday',10,42,NULL,0,10,42,10,50),
	(501,1,4,'Tuesday',11,5,NULL,0,11,5,11,5),
	(502,1,3,'Tuesday',11,15,NULL,0,11,15,11,15),
	(503,1,32,'Tuesday',11,20,NULL,0,11,20,11,20),
	(504,1,1,'Tuesday',11,38,NULL,0,11,38,10,0),
	(505,1,2,'Tuesday',10,25,NULL,0,10,25,10,25),
	(506,1,3,'Tuesday',10,30,NULL,0,10,30,10,30),
	(507,1,4,'Tuesday',10,42,NULL,0,10,42,10,50),
	(508,1,5,'Tuesday',10,57,NULL,0,10,57,11,5),
	(509,1,4,'Tuesday',11,20,NULL,0,11,20,11,20),
	(510,1,3,'Tuesday',11,30,NULL,0,11,30,11,30),
	(511,1,32,'Tuesday',11,35,NULL,0,11,35,11,35),
	(512,1,1,'Tuesday',11,53,NULL,0,11,53,10,25),
	(513,1,2,'Tuesday',10,50,NULL,0,10,50,10,50),
	(514,1,3,'Tuesday',10,55,NULL,0,10,55,10,55),
	(515,1,4,'Tuesday',11,7,NULL,0,11,7,11,7),
	(516,1,5,'Tuesday',11,22,NULL,0,11,22,11,25),
	(517,1,4,'Tuesday',11,40,NULL,0,11,40,11,40),
	(518,1,3,'Tuesday',11,50,NULL,0,11,50,11,50),
	(519,1,32,'Tuesday',11,55,NULL,0,11,55,11,55),
	(520,1,1,'Tuesday',24,13,NULL,0,24,13,10,50),
	(521,1,2,'Tuesday',11,15,NULL,0,11,15,11,15),
	(522,1,3,'Tuesday',11,20,NULL,0,11,20,11,20),
	(523,1,4,'Tuesday',11,32,NULL,0,11,32,11,32),
	(524,1,5,'Tuesday',11,47,NULL,0,11,47,11,50),
	(525,1,4,'Tuesday',24,5,NULL,0,24,5,24,5),
	(526,1,3,'Tuesday',24,15,NULL,0,24,15,24,15),
	(527,1,32,'Tuesday',24,25,NULL,0,24,25,24,25),
	(528,1,1,'Tuesday',24,43,NULL,0,24,43,11,15),
	(529,1,2,'Tuesday',11,40,NULL,0,11,40,11,40),
	(530,1,3,'Tuesday',11,45,NULL,0,11,45,11,45),
	(531,1,4,'Tuesday',11,57,NULL,0,11,57,11,57),
	(532,1,5,'Tuesday',24,12,NULL,0,24,12,24,15),
	(533,1,4,'Tuesday',24,30,NULL,0,24,30,24,30),
	(534,1,3,'Tuesday',24,40,NULL,0,24,40,24,40),
	(535,1,32,'Tuesday',24,50,NULL,0,24,50,24,50),
	(536,1,1,'Tuesday',13,8,NULL,0,13,8,11,40),
	(537,1,2,'Tuesday',24,5,NULL,0,24,5,24,5),
	(538,1,3,'Tuesday',24,10,NULL,0,24,10,24,10),
	(539,1,4,'Tuesday',24,22,NULL,0,24,22,24,22),
	(540,1,5,'Tuesday',24,37,NULL,0,24,37,24,40),
	(541,1,4,'Tuesday',24,55,NULL,0,24,55,24,55),
	(542,1,3,'Tuesday',13,5,NULL,0,13,5,13,5),
	(543,1,32,'Tuesday',13,15,NULL,0,13,15,13,15),
	(544,1,1,'Tuesday',13,33,NULL,0,13,33,24,10),
	(545,1,2,'Tuesday',24,35,NULL,0,24,35,24,35),
	(546,1,3,'Tuesday',24,40,NULL,0,24,40,24,40),
	(547,1,4,'Tuesday',24,52,NULL,0,24,52,24,52),
	(548,1,5,'Tuesday',13,7,NULL,0,13,7,13,10),
	(549,1,4,'Tuesday',13,25,NULL,0,13,25,13,25),
	(550,1,3,'Tuesday',13,35,NULL,0,13,35,13,35),
	(551,1,32,'Tuesday',13,45,NULL,0,13,45,13,45),
	(552,1,1,'Tuesday',14,3,NULL,0,14,3,24,45),
	(553,1,2,'Tuesday',13,10,NULL,0,13,10,13,10),
	(554,1,3,'Tuesday',13,15,NULL,0,13,15,13,15),
	(555,1,4,'Tuesday',13,27,NULL,0,13,27,13,27),
	(556,1,5,'Tuesday',13,42,NULL,0,13,42,13,50),
	(557,1,4,'Tuesday',14,5,NULL,0,14,5,14,5),
	(558,1,3,'Tuesday',14,15,NULL,0,14,15,14,15),
	(559,1,32,'Tuesday',14,25,NULL,0,14,25,14,25),
	(560,1,1,'Tuesday',14,43,NULL,0,14,43,13,10),
	(561,1,2,'Tuesday',13,35,NULL,0,13,35,13,35),
	(562,1,3,'Tuesday',13,40,NULL,0,13,40,13,40),
	(563,1,4,'Tuesday',13,52,NULL,0,13,52,13,52),
	(564,1,5,'Tuesday',14,7,NULL,0,14,7,14,15),
	(565,1,4,'Tuesday',14,30,NULL,0,14,30,14,30),
	(566,1,3,'Tuesday',14,40,NULL,0,14,40,14,40),
	(567,1,32,'Tuesday',14,50,NULL,0,14,50,14,50),
	(568,1,1,'Tuesday',15,8,NULL,0,15,8,13,20),
	(569,1,2,'Tuesday',13,45,NULL,0,13,45,13,45),
	(570,1,3,'Tuesday',13,50,NULL,0,13,50,13,50),
	(571,1,4,'Tuesday',14,2,NULL,0,14,2,14,2),
	(572,1,5,'Tuesday',14,17,NULL,0,14,17,14,25),
	(573,1,4,'Tuesday',14,40,NULL,0,14,40,14,40),
	(574,1,3,'Tuesday',14,50,NULL,0,14,50,14,50),
	(575,1,32,'Tuesday',15,0,NULL,0,15,0,15,0),
	(576,1,1,'Tuesday',15,18,NULL,0,15,18,13,55),
	(577,1,2,'Tuesday',14,20,NULL,0,14,20,14,20),
	(578,1,3,'Tuesday',14,25,NULL,0,14,25,14,25),
	(579,1,4,'Tuesday',14,37,NULL,0,14,37,14,37),
	(580,1,5,'Tuesday',14,52,NULL,0,14,52,15,0),
	(581,1,4,'Tuesday',15,15,NULL,0,15,15,15,15),
	(582,1,3,'Tuesday',15,25,NULL,0,15,25,15,25),
	(583,1,32,'Tuesday',15,35,NULL,0,15,35,15,35),
	(584,1,1,'Tuesday',15,53,NULL,0,15,53,14,30),
	(585,1,2,'Tuesday',14,55,NULL,0,14,55,14,55),
	(586,1,3,'Tuesday',15,0,NULL,0,15,0,15,0),
	(587,1,4,'Tuesday',15,12,NULL,0,15,12,15,12),
	(588,1,5,'Tuesday',15,27,NULL,0,15,27,15,35),
	(589,1,4,'Tuesday',15,50,NULL,0,15,50,15,50),
	(590,1,3,'Tuesday',16,0,NULL,0,16,0,16,0),
	(591,1,32,'Tuesday',16,10,NULL,0,16,10,16,10),
	(592,1,1,'Tuesday',16,28,NULL,0,16,28,14,50),
	(593,1,2,'Tuesday',15,15,NULL,0,15,15,15,15),
	(594,1,3,'Tuesday',15,20,NULL,0,15,20,15,20),
	(595,1,4,'Tuesday',15,32,NULL,0,15,32,15,32),
	(596,1,5,'Tuesday',15,47,NULL,0,15,47,15,55),
	(597,1,4,'Tuesday',16,10,NULL,0,16,10,16,10),
	(598,1,3,'Tuesday',16,20,NULL,0,16,20,16,20),
	(599,1,32,'Tuesday',16,30,NULL,0,16,30,16,30),
	(600,1,1,'Tuesday',16,55,NULL,0,16,55,17,0),
	(601,1,2,'Tuesday',15,35,NULL,0,15,35,15,35),
	(602,1,3,'Tuesday',15,40,NULL,0,15,40,15,40),
	(603,1,4,'Tuesday',15,50,NULL,0,15,50,15,50),
	(604,1,5,'Tuesday',16,5,NULL,0,16,5,16,10),
	(605,1,4,'Tuesday',16,25,NULL,0,16,25,16,30),
	(606,1,3,'Tuesday',16,40,NULL,0,16,40,16,40),
	(607,1,32,'Tuesday',16,50,NULL,0,16,50,16,50),
	(608,1,1,'Tuesday',17,10,NULL,0,17,10,15,20),
	(609,1,2,'Tuesday',15,45,NULL,0,15,45,15,45),
	(610,1,3,'Tuesday',15,50,NULL,0,15,50,15,50),
	(611,1,4,'Tuesday',16,0,NULL,0,16,0,16,0),
	(612,1,5,'Tuesday',16,15,NULL,0,16,15,16,20),
	(613,1,4,'Tuesday',16,50,NULL,0,16,50,16,50),
	(614,1,3,'Tuesday',17,5,NULL,0,17,5,17,5),
	(615,1,32,'Tuesday',17,15,NULL,0,17,15,17,15),
	(616,1,1,'Tuesday',17,35,NULL,0,17,35,15,30),
	(617,1,2,'Tuesday',15,55,NULL,0,15,55,15,55),
	(618,1,3,'Tuesday',16,0,NULL,0,16,0,16,0),
	(619,1,4,'Tuesday',16,10,NULL,0,16,10,16,10),
	(620,1,5,'Tuesday',16,25,NULL,0,16,25,16,30),
	(621,1,4,'Tuesday',17,0,NULL,0,17,0,17,0),
	(622,1,3,'Tuesday',17,15,NULL,0,17,15,17,15),
	(623,1,32,'Tuesday',17,25,NULL,0,17,25,17,30),
	(624,1,1,'Tuesday',17,45,NULL,0,17,45,16,0),
	(625,1,2,'Tuesday',16,25,NULL,0,16,25,16,30),
	(626,1,3,'Tuesday',16,30,NULL,0,16,30,16,30),
	(627,1,4,'Tuesday',16,40,NULL,0,16,40,16,40),
	(628,1,5,'Tuesday',16,55,NULL,0,16,55,17,0),
	(629,1,4,'Tuesday',17,15,NULL,0,17,15,17,15),
	(630,1,3,'Tuesday',17,30,NULL,0,17,30,17,30),
	(631,1,32,'Tuesday',17,40,NULL,0,17,40,17,40),
	(632,1,1,'Tuesday',18,0,NULL,0,18,0,16,30),
	(633,1,2,'Tuesday',16,55,NULL,0,16,55,17,0),
	(634,1,3,'Tuesday',17,0,NULL,0,17,0,17,0),
	(635,1,4,'Tuesday',17,10,NULL,0,17,10,15,20),
	(636,1,5,'Tuesday',17,25,NULL,0,17,25,17,30),
	(637,1,4,'Tuesday',17,45,NULL,0,17,45,16,0),
	(638,1,3,'Tuesday',18,0,NULL,0,18,0,16,30),
	(639,1,32,'Tuesday',18,10,NULL,0,18,10,18,10),
	(640,1,1,'Tuesday',18,30,NULL,0,18,30,17,0),
	(641,1,2,'Tuesday',17,25,NULL,0,17,25,17,30),
	(642,1,3,'Tuesday',17,30,NULL,0,17,30,17,30),
	(643,1,4,'Tuesday',17,40,NULL,0,17,40,17,40),
	(644,1,5,'Tuesday',17,55,NULL,0,17,55,17,58),
	(645,1,4,'Tuesday',18,13,NULL,0,18,13,18,13),
	(646,1,3,'Tuesday',18,28,NULL,0,18,28,18,28),
	(647,1,32,'Tuesday',18,38,NULL,0,18,38,18,38),
	(648,1,1,'Tuesday',18,58,NULL,0,18,58,17,25),
	(649,1,2,'Tuesday',17,50,NULL,0,17,50,17,50),
	(650,1,3,'Tuesday',17,55,NULL,0,17,55,17,58),
	(651,1,4,'Tuesday',18,5,NULL,0,18,5,18,5),
	(652,1,5,'Tuesday',18,20,NULL,0,18,20,18,23),
	(653,1,4,'Tuesday',18,38,NULL,0,18,38,18,38),
	(654,1,3,'Tuesday',18,53,NULL,0,18,53,18,53),
	(655,1,32,'Tuesday',19,3,NULL,0,19,3,19,3),
	(656,1,1,'Tuesday',19,23,NULL,0,19,23,17,37),
	(657,1,2,'Tuesday',18,2,NULL,0,18,2,18,2),
	(658,1,3,'Tuesday',18,7,NULL,0,18,7,18,7),
	(659,1,4,'Tuesday',18,17,NULL,0,18,17,18,17),
	(660,1,5,'Tuesday',18,32,NULL,0,18,32,18,35),
	(661,1,4,'Tuesday',18,50,NULL,0,18,50,18,50),
	(662,1,3,'Tuesday',19,5,NULL,0,19,5,19,5),
	(663,1,32,'Tuesday',19,15,NULL,0,19,15,19,15),
	(664,1,1,'Tuesday',19,35,NULL,0,19,35,19,45),
	(665,1,2,'Tuesday',18,15,NULL,0,18,15,18,15),
	(666,1,3,'Tuesday',18,20,NULL,0,18,20,18,23),
	(667,1,4,'Tuesday',18,30,NULL,0,18,30,17,0),
	(668,1,5,'Tuesday',18,45,NULL,0,18,45,18,48),
	(669,1,4,'Tuesday',19,3,NULL,0,19,3,19,3),
	(670,1,3,'Tuesday',19,18,NULL,0,19,18,19,18),
	(671,1,32,'Tuesday',19,28,NULL,0,19,28,19,28),
	(672,1,1,'Tuesday',19,48,NULL,0,19,48,18,15),
	(673,1,2,'Tuesday',18,40,NULL,0,18,40,18,40),
	(674,1,3,'Tuesday',18,45,NULL,0,18,45,18,48),
	(675,1,4,'Tuesday',18,55,NULL,0,18,55,18,55),
	(676,1,5,'Tuesday',19,10,NULL,0,19,10,19,15),
	(677,1,4,'Tuesday',19,30,NULL,0,19,30,19,30),
	(678,1,3,'Tuesday',19,45,NULL,0,19,45,19,45),
	(679,1,32,'Tuesday',19,55,NULL,0,19,55,19,55),
	(680,1,1,'Tuesday',20,15,NULL,0,20,15,18,40),
	(681,1,2,'Tuesday',19,5,NULL,0,19,5,19,5),
	(682,1,3,'Tuesday',19,10,NULL,0,19,10,19,15),
	(683,1,4,'Tuesday',19,20,NULL,0,19,20,19,20),
	(684,1,5,'Tuesday',19,35,NULL,0,19,35,19,45),
	(685,1,4,'Tuesday',20,0,NULL,0,20,0,20,5),
	(686,1,3,'Tuesday',20,15,NULL,0,20,15,18,40),
	(687,1,32,'Tuesday',20,25,NULL,0,20,25,20,30),
	(688,1,1,'Tuesday',20,45,NULL,0,20,45,19,5),
	(689,1,2,'Tuesday',19,30,NULL,0,19,30,19,30),
	(690,1,3,'Tuesday',19,35,NULL,0,19,35,19,45),
	(691,1,4,'Tuesday',19,45,NULL,0,19,45,19,45),
	(692,1,5,'Tuesday',20,0,NULL,0,20,0,20,5),
	(693,1,4,'Tuesday',20,20,NULL,0,20,20,20,20),
	(694,1,3,'Tuesday',20,35,NULL,0,20,35,20,35),
	(695,1,32,'Tuesday',20,45,NULL,0,20,45,19,5),
	(696,1,1,'Tuesday',21,5,NULL,0,21,5,19,30),
	(697,1,2,'Tuesday',19,55,NULL,0,19,55,19,55),
	(698,1,3,'Tuesday',20,0,NULL,0,20,0,20,5),
	(699,1,4,'Tuesday',20,10,NULL,0,20,10,20,10),
	(700,1,5,'Tuesday',20,25,NULL,0,20,25,20,30),
	(701,1,4,'Tuesday',20,45,NULL,0,20,45,19,5),
	(702,1,3,'Tuesday',21,0,NULL,0,21,0,21,0),
	(703,1,32,'Tuesday',21,10,NULL,0,21,10,21,10),
	(704,1,1,'Tuesday',21,30,NULL,0,21,30,19,55),
	(705,1,2,'Tuesday',20,20,NULL,0,20,20,20,20),
	(706,1,3,'Tuesday',20,25,NULL,0,20,25,20,30),
	(707,1,4,'Tuesday',20,35,NULL,0,20,35,20,35),
	(708,1,5,'Tuesday',20,50,NULL,0,20,50,20,55),
	(709,1,4,'Tuesday',21,10,NULL,0,21,10,21,10),
	(710,1,3,'Tuesday',21,25,NULL,0,21,25,21,25),
	(711,1,32,'Tuesday',21,35,NULL,0,21,35,21,35),
	(712,1,1,'Tuesday',21,50,NULL,0,21,50,21,55),
	(713,1,2,'Tuesday',20,50,NULL,0,20,50,20,55),
	(714,1,3,'Tuesday',20,55,NULL,0,20,55,20,55),
	(715,1,4,'Tuesday',21,5,NULL,0,21,5,19,30),
	(716,1,5,'Tuesday',21,20,NULL,0,21,20,21,25),
	(717,1,4,'Tuesday',21,40,NULL,0,21,40,21,40),
	(718,1,3,'Tuesday',21,55,NULL,0,21,55,21,55),
	(719,1,32,'Tuesday',22,5,NULL,0,22,5,22,5),
	(720,1,1,'Tuesday',22,20,NULL,0,22,20,20,55),
	(721,1,2,'Tuesday',21,20,NULL,0,21,20,21,25),
	(722,1,3,'Tuesday',21,25,NULL,0,21,25,21,25),
	(723,1,4,'Tuesday',21,35,NULL,0,21,35,21,35),
	(724,1,5,'Tuesday',21,50,NULL,0,21,50,21,55),
	(725,1,4,'Tuesday',22,10,NULL,0,22,10,22,10),
	(726,1,3,'Tuesday',22,25,NULL,0,22,25,22,35),
	(727,1,32,'Tuesday',22,35,NULL,0,22,35,22,35),
	(728,1,1,'Tuesday',22,50,NULL,0,22,50,21,30),
	(729,1,2,'Tuesday',21,55,NULL,0,21,55,21,55),
	(730,1,3,'Tuesday',22,0,NULL,0,22,0,22,0),
	(731,1,4,'Tuesday',22,10,NULL,0,22,10,22,10),
	(732,1,5,'Tuesday',22,25,NULL,0,22,25,22,35),
	(733,1,4,'Tuesday',22,50,NULL,0,22,50,21,30),
	(734,1,3,'Tuesday',23,0,NULL,0,23,0,23,0),
	(735,1,32,'Tuesday',23,5,NULL,0,23,5,23,5),
	(736,1,1,'Tuesday',23,20,NULL,0,23,20,4,30),
	(737,1,2,'Wednesday',4,45,NULL,0,4,45,4,45),
	(738,1,3,'Wednesday',4,53,NULL,0,4,53,4,53),
	(739,1,4,'Wednesday',5,1,NULL,0,5,1,5,1),
	(740,1,5,'Wednesday',5,16,NULL,0,5,16,5,20),
	(741,1,4,'Wednesday',5,30,NULL,0,5,30,5,30),
	(742,1,3,'Wednesday',5,40,NULL,0,5,40,5,40),
	(743,1,32,'Wednesday',5,45,NULL,0,5,45,5,45),
	(744,1,1,'Wednesday',6,3,NULL,0,6,3,4,55),
	(745,1,2,'Wednesday',5,10,NULL,0,5,10,5,10),
	(746,1,3,'Wednesday',5,18,NULL,0,5,18,5,18),
	(747,1,4,'Wednesday',5,26,NULL,0,5,26,5,26),
	(748,1,5,'Wednesday',5,41,NULL,0,5,41,5,45),
	(749,1,4,'Wednesday',5,55,NULL,0,5,55,5,55),
	(750,1,3,'Wednesday',6,5,NULL,0,6,5,6,5),
	(751,1,32,'Wednesday',6,10,NULL,0,6,10,6,10),
	(752,1,1,'Wednesday',6,28,NULL,0,6,28,5,15),
	(753,1,2,'Wednesday',5,30,NULL,0,5,30,5,30),
	(754,1,3,'Wednesday',5,38,NULL,0,5,38,5,38),
	(755,1,4,'Wednesday',5,46,NULL,0,5,46,5,46),
	(756,1,5,'Wednesday',6,1,NULL,0,6,1,6,5),
	(757,1,4,'Wednesday',6,20,NULL,0,6,20,6,20),
	(758,1,3,'Wednesday',6,30,NULL,0,6,30,6,30),
	(759,1,32,'Wednesday',6,35,NULL,0,6,35,6,35),
	(760,1,1,'Wednesday',6,53,NULL,0,6,53,5,35),
	(761,1,2,'Wednesday',5,50,NULL,0,5,50,5,50),
	(762,1,3,'Wednesday',5,58,NULL,0,5,58,5,58),
	(763,1,4,'Wednesday',6,6,NULL,0,6,6,6,6),
	(764,1,5,'Wednesday',6,26,NULL,0,6,26,6,30),
	(765,1,4,'Wednesday',6,45,NULL,0,6,45,6,45),
	(766,1,3,'Wednesday',6,55,NULL,0,6,55,6,55),
	(767,1,32,'Wednesday',7,0,NULL,0,7,0,7,5),
	(768,1,1,'Wednesday',7,18,NULL,0,7,18,5,55),
	(769,1,2,'Wednesday',6,10,NULL,0,6,10,6,10),
	(770,1,3,'Wednesday',6,20,NULL,0,6,20,6,20),
	(771,1,4,'Wednesday',6,40,NULL,0,6,40,6,40),
	(772,1,5,'Wednesday',7,0,NULL,0,7,0,7,5),
	(773,1,4,'Wednesday',7,20,NULL,0,7,20,7,20),
	(774,1,3,'Wednesday',7,30,NULL,0,7,30,7,30),
	(775,1,32,'Wednesday',7,35,NULL,0,7,35,7,35),
	(776,1,1,'Wednesday',7,53,NULL,0,7,53,6,5),
	(777,1,2,'Wednesday',6,30,NULL,0,6,30,6,30),
	(778,1,3,'Wednesday',6,40,NULL,0,6,40,6,40),
	(779,1,4,'Wednesday',6,52,NULL,0,6,52,6,52),
	(780,1,5,'Wednesday',7,12,NULL,0,7,12,7,17),
	(781,1,4,'Wednesday',7,32,NULL,0,7,32,7,32),
	(782,1,3,'Wednesday',7,42,NULL,0,7,42,7,42),
	(783,1,32,'Wednesday',7,47,NULL,0,7,47,7,50),
	(784,1,1,'Wednesday',8,5,NULL,0,8,5,6,15),
	(785,1,2,'Wednesday',6,40,NULL,0,6,40,6,40),
	(786,1,3,'Wednesday',6,50,NULL,0,6,50,6,50),
	(787,1,4,'Wednesday',7,2,NULL,0,7,2,7,2),
	(788,1,5,'Wednesday',7,22,NULL,0,7,22,7,25),
	(789,1,4,'Wednesday',7,40,NULL,0,7,40,7,40),
	(790,1,3,'Wednesday',7,50,NULL,0,7,50,7,50),
	(791,1,32,'Wednesday',7,55,NULL,0,7,55,7,55),
	(792,1,1,'Wednesday',8,13,NULL,0,8,13,6,40),
	(793,1,2,'Wednesday',7,5,NULL,0,7,5,7,5),
	(794,1,3,'Wednesday',7,15,NULL,0,7,15,7,15),
	(795,1,4,'Wednesday',7,27,NULL,0,7,27,7,27),
	(796,1,5,'Wednesday',7,47,NULL,0,7,47,7,50),
	(797,1,4,'Wednesday',8,5,NULL,0,8,5,6,15),
	(798,1,3,'Wednesday',8,15,NULL,0,8,15,8,15),
	(799,1,32,'Wednesday',8,20,NULL,0,8,20,8,20),
	(800,1,1,'Wednesday',8,38,NULL,0,8,38,7,0),
	(801,1,2,'Wednesday',7,25,NULL,0,7,25,7,25),
	(802,1,3,'Wednesday',7,35,NULL,0,7,35,7,35),
	(803,1,4,'Wednesday',7,47,NULL,0,7,47,7,50),
	(804,1,5,'Wednesday',8,7,NULL,0,8,7,8,15),
	(805,1,4,'Wednesday',8,30,NULL,0,8,30,8,30),
	(806,1,3,'Wednesday',8,40,NULL,0,8,40,8,40),
	(807,1,32,'Wednesday',8,45,NULL,0,8,45,8,45),
	(808,1,1,'Wednesday',9,3,NULL,0,9,3,7,25),
	(809,1,2,'Wednesday',7,50,NULL,0,7,50,7,50),
	(810,1,3,'Wednesday',8,0,NULL,0,8,0,8,0),
	(811,1,4,'Wednesday',8,12,NULL,0,8,12,8,12),
	(812,1,5,'Wednesday',8,32,NULL,0,8,32,8,40),
	(813,1,4,'Wednesday',8,55,NULL,0,8,55,8,55),
	(814,1,3,'Wednesday',9,5,NULL,0,9,5,9,5),
	(815,1,32,'Wednesday',9,10,NULL,0,9,10,9,10),
	(816,1,1,'Wednesday',9,28,NULL,0,9,28,7,55),
	(817,1,2,'Wednesday',8,20,NULL,0,8,20,8,20),
	(818,1,3,'Wednesday',8,30,NULL,0,8,30,8,30),
	(819,1,4,'Wednesday',8,42,NULL,0,8,42,8,42),
	(820,1,5,'Wednesday',9,2,NULL,0,9,2,9,10),
	(821,1,4,'Wednesday',9,25,NULL,0,9,25,9,25),
	(822,1,3,'Wednesday',9,35,NULL,0,9,35,9,35),
	(823,1,32,'Wednesday',9,40,NULL,0,9,40,9,40),
	(824,1,1,'Wednesday',9,58,NULL,0,9,58,8,10),
	(825,1,2,'Wednesday',8,35,NULL,0,8,35,8,35),
	(826,1,3,'Wednesday',8,45,NULL,0,8,45,8,45),
	(827,1,4,'Wednesday',8,57,NULL,0,8,57,8,57),
	(828,1,5,'Wednesday',9,17,NULL,0,9,17,9,25),
	(829,1,4,'Wednesday',9,40,NULL,0,9,40,9,40),
	(830,1,3,'Wednesday',9,50,NULL,0,9,50,9,50),
	(831,1,32,'Wednesday',9,55,NULL,0,9,55,9,55),
	(832,1,1,'Wednesday',10,13,NULL,0,10,13,8,20),
	(833,1,2,'Wednesday',8,45,NULL,0,8,45,8,45),
	(834,1,3,'Wednesday',8,55,NULL,0,8,55,8,55),
	(835,1,4,'Wednesday',9,7,NULL,0,9,7,9,7),
	(836,1,5,'Wednesday',9,22,NULL,0,9,22,9,30),
	(837,1,4,'Wednesday',9,45,NULL,0,9,45,9,45),
	(838,1,3,'Wednesday',9,55,NULL,0,9,55,9,55),
	(839,1,32,'Wednesday',10,0,NULL,0,10,0,10,0),
	(840,1,1,'Wednesday',10,18,NULL,0,10,18,8,45),
	(841,1,2,'Wednesday',9,10,NULL,0,9,10,9,10),
	(842,1,3,'Wednesday',9,15,NULL,0,9,15,9,15),
	(843,1,4,'Wednesday',9,27,NULL,0,9,27,9,27),
	(844,1,5,'Wednesday',9,42,NULL,0,9,42,9,50),
	(845,1,4,'Wednesday',10,5,NULL,0,10,5,10,5),
	(846,1,3,'Wednesday',10,15,NULL,0,10,15,10,15),
	(847,1,32,'Wednesday',10,20,NULL,0,10,20,10,20),
	(848,1,1,'Wednesday',10,38,NULL,0,10,38,9,10),
	(849,1,2,'Wednesday',9,35,NULL,0,9,35,9,35),
	(850,1,3,'Wednesday',9,40,NULL,0,9,40,9,40),
	(851,1,4,'Wednesday',9,52,NULL,0,9,52,9,52),
	(852,1,5,'Wednesday',10,7,NULL,0,10,7,10,15),
	(853,1,4,'Wednesday',10,30,NULL,0,10,30,10,30),
	(854,1,3,'Wednesday',10,40,NULL,0,10,40,10,40),
	(855,1,32,'Wednesday',10,45,NULL,0,10,45,10,45),
	(856,1,1,'Wednesday',11,3,NULL,0,11,3,9,35),
	(857,1,2,'Wednesday',10,0,NULL,0,10,0,10,0),
	(858,1,3,'Wednesday',10,5,NULL,0,10,5,10,5),
	(859,1,4,'Wednesday',10,17,NULL,0,10,17,10,17),
	(860,1,5,'Wednesday',10,32,NULL,0,10,32,10,40),
	(861,1,4,'Wednesday',10,55,NULL,0,10,55,10,55),
	(862,1,3,'Wednesday',11,5,NULL,0,11,5,11,5),
	(863,1,32,'Wednesday',11,10,NULL,0,11,10,11,10),
	(864,1,1,'Wednesday',11,28,NULL,0,11,28,9,45),
	(865,1,2,'Wednesday',10,10,NULL,0,10,10,10,10),
	(866,1,3,'Wednesday',10,15,NULL,0,10,15,10,15),
	(867,1,4,'Wednesday',10,27,NULL,0,10,27,10,27),
	(868,1,5,'Wednesday',10,42,NULL,0,10,42,10,50),
	(869,1,4,'Wednesday',11,5,NULL,0,11,5,11,5),
	(870,1,3,'Wednesday',11,15,NULL,0,11,15,11,15),
	(871,1,32,'Wednesday',11,20,NULL,0,11,20,11,20),
	(872,1,1,'Wednesday',11,38,NULL,0,11,38,10,0),
	(873,1,2,'Wednesday',10,25,NULL,0,10,25,10,25),
	(874,1,3,'Wednesday',10,30,NULL,0,10,30,10,30),
	(875,1,4,'Wednesday',10,42,NULL,0,10,42,10,50),
	(876,1,5,'Wednesday',10,57,NULL,0,10,57,11,5),
	(877,1,4,'Wednesday',11,20,NULL,0,11,20,11,20),
	(878,1,3,'Wednesday',11,30,NULL,0,11,30,11,30),
	(879,1,32,'Wednesday',11,35,NULL,0,11,35,11,35),
	(880,1,1,'Wednesday',11,53,NULL,0,11,53,10,25),
	(881,1,2,'Wednesday',10,50,NULL,0,10,50,10,50),
	(882,1,3,'Wednesday',10,55,NULL,0,10,55,10,55),
	(883,1,4,'Wednesday',11,7,NULL,0,11,7,11,7),
	(884,1,5,'Wednesday',11,22,NULL,0,11,22,11,25),
	(885,1,4,'Wednesday',11,40,NULL,0,11,40,11,40),
	(886,1,3,'Wednesday',11,50,NULL,0,11,50,11,50),
	(887,1,32,'Wednesday',11,55,NULL,0,11,55,11,55),
	(888,1,1,'Wednesday',24,13,NULL,0,24,13,10,50),
	(889,1,2,'Wednesday',11,15,NULL,0,11,15,11,15),
	(890,1,3,'Wednesday',11,20,NULL,0,11,20,11,20),
	(891,1,4,'Wednesday',11,32,NULL,0,11,32,11,32),
	(892,1,5,'Wednesday',11,47,NULL,0,11,47,11,50),
	(893,1,4,'Wednesday',24,5,NULL,0,24,5,24,5),
	(894,1,3,'Wednesday',24,15,NULL,0,24,15,24,15),
	(895,1,32,'Wednesday',24,25,NULL,0,24,25,24,25),
	(896,1,1,'Wednesday',24,43,NULL,0,24,43,11,15),
	(897,1,2,'Wednesday',11,40,NULL,0,11,40,11,40),
	(898,1,3,'Wednesday',11,45,NULL,0,11,45,11,45),
	(899,1,4,'Wednesday',11,57,NULL,0,11,57,11,57),
	(900,1,5,'Wednesday',24,12,NULL,0,24,12,24,15),
	(901,1,4,'Wednesday',24,30,NULL,0,24,30,24,30),
	(902,1,3,'Wednesday',24,40,NULL,0,24,40,24,40),
	(903,1,32,'Wednesday',24,50,NULL,0,24,50,24,50),
	(904,1,1,'Wednesday',13,8,NULL,0,13,8,11,40),
	(905,1,2,'Wednesday',24,5,NULL,0,24,5,24,5),
	(906,1,3,'Wednesday',24,10,NULL,0,24,10,24,10),
	(907,1,4,'Wednesday',24,22,NULL,0,24,22,24,22),
	(908,1,5,'Wednesday',24,37,NULL,0,24,37,24,40),
	(909,1,4,'Wednesday',24,55,NULL,0,24,55,24,55),
	(910,1,3,'Wednesday',13,5,NULL,0,13,5,13,5),
	(911,1,32,'Wednesday',13,15,NULL,0,13,15,13,15),
	(912,1,1,'Wednesday',13,33,NULL,0,13,33,24,10),
	(913,1,2,'Wednesday',24,35,NULL,0,24,35,24,35),
	(914,1,3,'Wednesday',24,40,NULL,0,24,40,24,40),
	(915,1,4,'Wednesday',24,52,NULL,0,24,52,24,52),
	(916,1,5,'Wednesday',13,7,NULL,0,13,7,13,10),
	(917,1,4,'Wednesday',13,25,NULL,0,13,25,13,25),
	(918,1,3,'Wednesday',13,35,NULL,0,13,35,13,35),
	(919,1,32,'Wednesday',13,45,NULL,0,13,45,13,45),
	(920,1,1,'Wednesday',14,3,NULL,0,14,3,24,45),
	(921,1,2,'Wednesday',13,10,NULL,0,13,10,13,10),
	(922,1,3,'Wednesday',13,15,NULL,0,13,15,13,15),
	(923,1,4,'Wednesday',13,27,NULL,0,13,27,13,27),
	(924,1,5,'Wednesday',13,42,NULL,0,13,42,13,50),
	(925,1,4,'Wednesday',14,5,NULL,0,14,5,14,5),
	(926,1,3,'Wednesday',14,15,NULL,0,14,15,14,15),
	(927,1,32,'Wednesday',14,25,NULL,0,14,25,14,25),
	(928,1,1,'Wednesday',14,43,NULL,0,14,43,13,10),
	(929,1,2,'Wednesday',13,35,NULL,0,13,35,13,35),
	(930,1,3,'Wednesday',13,40,NULL,0,13,40,13,40),
	(931,1,4,'Wednesday',13,52,NULL,0,13,52,13,52),
	(932,1,5,'Wednesday',14,7,NULL,0,14,7,14,15),
	(933,1,4,'Wednesday',14,30,NULL,0,14,30,14,30),
	(934,1,3,'Wednesday',14,40,NULL,0,14,40,14,40),
	(935,1,32,'Wednesday',14,50,NULL,0,14,50,14,50),
	(936,1,1,'Wednesday',15,8,NULL,0,15,8,13,20),
	(937,1,2,'Wednesday',13,45,NULL,0,13,45,13,45),
	(938,1,3,'Wednesday',13,50,NULL,0,13,50,13,50),
	(939,1,4,'Wednesday',14,2,NULL,0,14,2,14,2),
	(940,1,5,'Wednesday',14,17,NULL,0,14,17,14,25),
	(941,1,4,'Wednesday',14,40,NULL,0,14,40,14,40),
	(942,1,3,'Wednesday',14,50,NULL,0,14,50,14,50),
	(943,1,32,'Wednesday',15,0,NULL,0,15,0,15,0),
	(944,1,1,'Wednesday',15,18,NULL,0,15,18,13,55),
	(945,1,2,'Wednesday',14,20,NULL,0,14,20,14,20),
	(946,1,3,'Wednesday',14,25,NULL,0,14,25,14,25),
	(947,1,4,'Wednesday',14,37,NULL,0,14,37,14,37),
	(948,1,5,'Wednesday',14,52,NULL,0,14,52,15,0),
	(949,1,4,'Wednesday',15,15,NULL,0,15,15,15,15),
	(950,1,3,'Wednesday',15,25,NULL,0,15,25,15,25),
	(951,1,32,'Wednesday',15,35,NULL,0,15,35,15,35),
	(952,1,1,'Wednesday',15,53,NULL,0,15,53,14,30),
	(953,1,2,'Wednesday',14,55,NULL,0,14,55,14,55),
	(954,1,3,'Wednesday',15,0,NULL,0,15,0,15,0),
	(955,1,4,'Wednesday',15,12,NULL,0,15,12,15,12),
	(956,1,5,'Wednesday',15,27,NULL,0,15,27,15,35),
	(957,1,4,'Wednesday',15,50,NULL,0,15,50,15,50),
	(958,1,3,'Wednesday',16,0,NULL,0,16,0,16,0),
	(959,1,32,'Wednesday',16,10,NULL,0,16,10,16,10),
	(960,1,1,'Wednesday',16,28,NULL,0,16,28,14,50),
	(961,1,2,'Wednesday',15,15,NULL,0,15,15,15,15),
	(962,1,3,'Wednesday',15,20,NULL,0,15,20,15,20),
	(963,1,4,'Wednesday',15,32,NULL,0,15,32,15,32),
	(964,1,5,'Wednesday',15,47,NULL,0,15,47,15,55),
	(965,1,4,'Wednesday',16,10,NULL,0,16,10,16,10),
	(966,1,3,'Wednesday',16,20,NULL,0,16,20,16,20),
	(967,1,32,'Wednesday',16,30,NULL,0,16,30,16,30),
	(968,1,1,'Wednesday',16,55,NULL,0,16,55,17,0),
	(969,1,2,'Wednesday',15,35,NULL,0,15,35,15,35),
	(970,1,3,'Wednesday',15,40,NULL,0,15,40,15,40),
	(971,1,4,'Wednesday',15,50,NULL,0,15,50,15,50),
	(972,1,5,'Wednesday',16,5,NULL,0,16,5,16,10),
	(973,1,4,'Wednesday',16,25,NULL,0,16,25,16,30),
	(974,1,3,'Wednesday',16,40,NULL,0,16,40,16,40),
	(975,1,32,'Wednesday',16,50,NULL,0,16,50,16,50),
	(976,1,1,'Wednesday',17,10,NULL,0,17,10,15,20),
	(977,1,2,'Wednesday',15,45,NULL,0,15,45,15,45),
	(978,1,3,'Wednesday',15,50,NULL,0,15,50,15,50),
	(979,1,4,'Wednesday',16,0,NULL,0,16,0,16,0),
	(980,1,5,'Wednesday',16,15,NULL,0,16,15,16,20),
	(981,1,4,'Wednesday',16,50,NULL,0,16,50,16,50),
	(982,1,3,'Wednesday',17,5,NULL,0,17,5,17,5),
	(983,1,32,'Wednesday',17,15,NULL,0,17,15,17,15),
	(984,1,1,'Wednesday',17,35,NULL,0,17,35,15,30),
	(985,1,2,'Wednesday',15,55,NULL,0,15,55,15,55),
	(986,1,3,'Wednesday',16,0,NULL,0,16,0,16,0),
	(987,1,4,'Wednesday',16,10,NULL,0,16,10,16,10),
	(988,1,5,'Wednesday',16,25,NULL,0,16,25,16,30),
	(989,1,4,'Wednesday',17,0,NULL,0,17,0,17,0),
	(990,1,3,'Wednesday',17,15,NULL,0,17,15,17,15),
	(991,1,32,'Wednesday',17,25,NULL,0,17,25,17,30),
	(992,1,1,'Wednesday',17,45,NULL,0,17,45,16,0),
	(993,1,2,'Wednesday',16,25,NULL,0,16,25,16,30),
	(994,1,3,'Wednesday',16,30,NULL,0,16,30,16,30),
	(995,1,4,'Wednesday',16,40,NULL,0,16,40,16,40),
	(996,1,5,'Wednesday',16,55,NULL,0,16,55,17,0),
	(997,1,4,'Wednesday',17,15,NULL,0,17,15,17,15),
	(998,1,3,'Wednesday',17,30,NULL,0,17,30,17,30),
	(999,1,32,'Wednesday',17,40,NULL,0,17,40,17,40),
	(1000,1,1,'Wednesday',18,0,NULL,0,18,0,16,30),
	(1001,1,2,'Wednesday',16,55,NULL,0,16,55,17,0),
	(1002,1,3,'Wednesday',17,0,NULL,0,17,0,17,0),
	(1003,1,4,'Wednesday',17,10,NULL,0,17,10,15,20),
	(1004,1,5,'Wednesday',17,25,NULL,0,17,25,17,30),
	(1005,1,4,'Wednesday',17,45,NULL,0,17,45,16,0),
	(1006,1,3,'Wednesday',18,0,NULL,0,18,0,16,30),
	(1007,1,32,'Wednesday',18,10,NULL,0,18,10,18,10),
	(1008,1,1,'Wednesday',18,30,NULL,0,18,30,17,0),
	(1009,1,2,'Wednesday',17,25,NULL,0,17,25,17,30),
	(1010,1,3,'Wednesday',17,30,NULL,0,17,30,17,30),
	(1011,1,4,'Wednesday',17,40,NULL,0,17,40,17,40),
	(1012,1,5,'Wednesday',17,55,NULL,0,17,55,17,58),
	(1013,1,4,'Wednesday',18,13,NULL,0,18,13,18,13),
	(1014,1,3,'Wednesday',18,28,NULL,0,18,28,18,28),
	(1015,1,32,'Wednesday',18,38,NULL,0,18,38,18,38),
	(1016,1,1,'Wednesday',18,58,NULL,0,18,58,17,25),
	(1017,1,2,'Wednesday',17,50,NULL,0,17,50,17,50),
	(1018,1,3,'Wednesday',17,55,NULL,0,17,55,17,58),
	(1019,1,4,'Wednesday',18,5,NULL,0,18,5,18,5),
	(1020,1,5,'Wednesday',18,20,NULL,0,18,20,18,23),
	(1021,1,4,'Wednesday',18,38,NULL,0,18,38,18,38),
	(1022,1,3,'Wednesday',18,53,NULL,0,18,53,18,53),
	(1023,1,32,'Wednesday',19,3,NULL,0,19,3,19,3),
	(1024,1,1,'Wednesday',19,23,NULL,0,19,23,17,37),
	(1025,1,2,'Wednesday',18,2,NULL,0,18,2,18,2),
	(1026,1,3,'Wednesday',18,7,NULL,0,18,7,18,7),
	(1027,1,4,'Wednesday',18,17,NULL,0,18,17,18,17),
	(1028,1,5,'Wednesday',18,32,NULL,0,18,32,18,35),
	(1029,1,4,'Wednesday',18,50,NULL,0,18,50,18,50),
	(1030,1,3,'Wednesday',19,5,NULL,0,19,5,19,5),
	(1031,1,32,'Wednesday',19,15,NULL,0,19,15,19,15),
	(1032,1,1,'Wednesday',19,35,NULL,0,19,35,19,45),
	(1033,1,2,'Wednesday',18,15,NULL,0,18,15,18,15),
	(1034,1,3,'Wednesday',18,20,NULL,0,18,20,18,23),
	(1035,1,4,'Wednesday',18,30,NULL,0,18,30,17,0),
	(1036,1,5,'Wednesday',18,45,NULL,0,18,45,18,48),
	(1037,1,4,'Wednesday',19,3,NULL,0,19,3,19,3),
	(1038,1,3,'Wednesday',19,18,NULL,0,19,18,19,18),
	(1039,1,32,'Wednesday',19,28,NULL,0,19,28,19,28),
	(1040,1,1,'Wednesday',19,48,NULL,0,19,48,18,15),
	(1041,1,2,'Wednesday',18,40,NULL,0,18,40,18,40),
	(1042,1,3,'Wednesday',18,45,NULL,0,18,45,18,48),
	(1043,1,4,'Wednesday',18,55,NULL,0,18,55,18,55),
	(1044,1,5,'Wednesday',19,10,NULL,0,19,10,19,15),
	(1045,1,4,'Wednesday',19,30,NULL,0,19,30,19,30),
	(1046,1,3,'Wednesday',19,45,NULL,0,19,45,19,45),
	(1047,1,32,'Wednesday',19,55,NULL,0,19,55,19,55),
	(1048,1,1,'Wednesday',20,15,NULL,0,20,15,18,40),
	(1049,1,2,'Wednesday',19,5,NULL,0,19,5,19,5),
	(1050,1,3,'Wednesday',19,10,NULL,0,19,10,19,15),
	(1051,1,4,'Wednesday',19,20,NULL,0,19,20,19,20),
	(1052,1,5,'Wednesday',19,35,NULL,0,19,35,19,45),
	(1053,1,4,'Wednesday',20,0,NULL,0,20,0,20,5),
	(1054,1,3,'Wednesday',20,15,NULL,0,20,15,18,40),
	(1055,1,32,'Wednesday',20,25,NULL,0,20,25,20,30),
	(1056,1,1,'Wednesday',20,45,NULL,0,20,45,19,5),
	(1057,1,2,'Wednesday',19,30,NULL,0,19,30,19,30),
	(1058,1,3,'Wednesday',19,35,NULL,0,19,35,19,45),
	(1059,1,4,'Wednesday',19,45,NULL,0,19,45,19,45),
	(1060,1,5,'Wednesday',20,0,NULL,0,20,0,20,5),
	(1061,1,4,'Wednesday',20,20,NULL,0,20,20,20,20),
	(1062,1,3,'Wednesday',20,35,NULL,0,20,35,20,35),
	(1063,1,32,'Wednesday',20,45,NULL,0,20,45,19,5),
	(1064,1,1,'Wednesday',21,5,NULL,0,21,5,19,30),
	(1065,1,2,'Wednesday',19,55,NULL,0,19,55,19,55),
	(1066,1,3,'Wednesday',20,0,NULL,0,20,0,20,5),
	(1067,1,4,'Wednesday',20,10,NULL,0,20,10,20,10),
	(1068,1,5,'Wednesday',20,25,NULL,0,20,25,20,30),
	(1069,1,4,'Wednesday',20,45,NULL,0,20,45,19,5),
	(1070,1,3,'Wednesday',21,0,NULL,0,21,0,21,0),
	(1071,1,32,'Wednesday',21,10,NULL,0,21,10,21,10),
	(1072,1,1,'Wednesday',21,30,NULL,0,21,30,19,55),
	(1073,1,2,'Wednesday',20,20,NULL,0,20,20,20,20),
	(1074,1,3,'Wednesday',20,25,NULL,0,20,25,20,30),
	(1075,1,4,'Wednesday',20,35,NULL,0,20,35,20,35),
	(1076,1,5,'Wednesday',20,50,NULL,0,20,50,20,55),
	(1077,1,4,'Wednesday',21,10,NULL,0,21,10,21,10),
	(1078,1,3,'Wednesday',21,25,NULL,0,21,25,21,25),
	(1079,1,32,'Wednesday',21,35,NULL,0,21,35,21,35),
	(1080,1,1,'Wednesday',21,50,NULL,0,21,50,21,55),
	(1081,1,2,'Wednesday',20,50,NULL,0,20,50,20,55),
	(1082,1,3,'Wednesday',20,55,NULL,0,20,55,20,55),
	(1083,1,4,'Wednesday',21,5,NULL,0,21,5,19,30),
	(1084,1,5,'Wednesday',21,20,NULL,0,21,20,21,25),
	(1085,1,4,'Wednesday',21,40,NULL,0,21,40,21,40),
	(1086,1,3,'Wednesday',21,55,NULL,0,21,55,21,55),
	(1087,1,32,'Wednesday',22,5,NULL,0,22,5,22,5),
	(1088,1,1,'Wednesday',22,20,NULL,0,22,20,20,55),
	(1089,1,2,'Wednesday',21,20,NULL,0,21,20,21,25),
	(1090,1,3,'Wednesday',21,25,NULL,0,21,25,21,25),
	(1091,1,4,'Wednesday',21,35,NULL,0,21,35,21,35),
	(1092,1,5,'Wednesday',21,50,NULL,0,21,50,21,55),
	(1093,1,4,'Wednesday',22,10,NULL,0,22,10,22,10),
	(1094,1,3,'Wednesday',22,25,NULL,0,22,25,22,35),
	(1095,1,32,'Wednesday',22,35,NULL,0,22,35,22,35),
	(1096,1,1,'Wednesday',22,50,NULL,0,22,50,21,30),
	(1097,1,2,'Wednesday',21,55,NULL,0,21,55,21,55),
	(1098,1,3,'Wednesday',22,0,NULL,0,22,0,22,0),
	(1099,1,4,'Wednesday',22,10,NULL,0,22,10,22,10),
	(1100,1,5,'Wednesday',22,25,NULL,0,22,25,22,35),
	(1101,1,4,'Wednesday',22,50,NULL,0,22,50,21,30),
	(1102,1,3,'Wednesday',23,0,NULL,0,23,0,23,0),
	(1103,1,32,'Wednesday',23,5,NULL,0,23,5,23,5),
	(1104,1,1,'Wednesday',23,20,NULL,0,23,20,4,30),
	(1105,1,2,'Thursday',4,45,NULL,0,4,45,4,45),
	(1106,1,3,'Thursday',4,53,NULL,0,4,53,4,53),
	(1107,1,4,'Thursday',5,1,NULL,0,5,1,5,1),
	(1108,1,5,'Thursday',5,16,NULL,0,5,16,5,20),
	(1109,1,4,'Thursday',5,30,NULL,0,5,30,5,30),
	(1110,1,3,'Thursday',5,40,NULL,0,5,40,5,40),
	(1111,1,32,'Thursday',5,45,NULL,0,5,45,5,45),
	(1112,1,1,'Thursday',6,3,NULL,0,6,3,4,55),
	(1113,1,2,'Thursday',5,10,NULL,0,5,10,5,10),
	(1114,1,3,'Thursday',5,18,NULL,0,5,18,5,18),
	(1115,1,4,'Thursday',5,26,NULL,0,5,26,5,26),
	(1116,1,5,'Thursday',5,41,NULL,0,5,41,5,45),
	(1117,1,4,'Thursday',5,55,NULL,0,5,55,5,55),
	(1118,1,3,'Thursday',6,5,NULL,0,6,5,6,5),
	(1119,1,32,'Thursday',6,10,NULL,0,6,10,6,10),
	(1120,1,1,'Thursday',6,28,NULL,0,6,28,5,15),
	(1121,1,2,'Thursday',5,30,NULL,0,5,30,5,30),
	(1122,1,3,'Thursday',5,38,NULL,0,5,38,5,38),
	(1123,1,4,'Thursday',5,46,NULL,0,5,46,5,46),
	(1124,1,5,'Thursday',6,1,NULL,0,6,1,6,5),
	(1125,1,4,'Thursday',6,20,NULL,0,6,20,6,20),
	(1126,1,3,'Thursday',6,30,NULL,0,6,30,6,30),
	(1127,1,32,'Thursday',6,35,NULL,0,6,35,6,35),
	(1128,1,1,'Thursday',6,53,NULL,0,6,53,5,35),
	(1129,1,2,'Thursday',5,50,NULL,0,5,50,5,50),
	(1130,1,3,'Thursday',5,58,NULL,0,5,58,5,58),
	(1131,1,4,'Thursday',6,6,NULL,0,6,6,6,6),
	(1132,1,5,'Thursday',6,26,NULL,0,6,26,6,30),
	(1133,1,4,'Thursday',6,45,NULL,0,6,45,6,45),
	(1134,1,3,'Thursday',6,55,NULL,0,6,55,6,55),
	(1135,1,32,'Thursday',7,0,NULL,0,7,0,7,5),
	(1136,1,1,'Thursday',7,18,NULL,0,7,18,5,55),
	(1137,1,2,'Thursday',6,10,NULL,0,6,10,6,10),
	(1138,1,3,'Thursday',6,20,NULL,0,6,20,6,20),
	(1139,1,4,'Thursday',6,40,NULL,0,6,40,6,40),
	(1140,1,5,'Thursday',7,0,NULL,0,7,0,7,5),
	(1141,1,4,'Thursday',7,20,NULL,0,7,20,7,20),
	(1142,1,3,'Thursday',7,30,NULL,0,7,30,7,30),
	(1143,1,32,'Thursday',7,35,NULL,0,7,35,7,35),
	(1144,1,1,'Thursday',7,53,NULL,0,7,53,6,5),
	(1145,1,2,'Thursday',6,30,NULL,0,6,30,6,30),
	(1146,1,3,'Thursday',6,40,NULL,0,6,40,6,40),
	(1147,1,4,'Thursday',6,52,NULL,0,6,52,6,52),
	(1148,1,5,'Thursday',7,12,NULL,0,7,12,7,17),
	(1149,1,4,'Thursday',7,32,NULL,0,7,32,7,32),
	(1150,1,3,'Thursday',7,42,NULL,0,7,42,7,42),
	(1151,1,32,'Thursday',7,47,NULL,0,7,47,7,50),
	(1152,1,1,'Thursday',8,5,NULL,0,8,5,6,15),
	(1153,1,2,'Thursday',6,40,NULL,0,6,40,6,40),
	(1154,1,3,'Thursday',6,50,NULL,0,6,50,6,50),
	(1155,1,4,'Thursday',7,2,NULL,0,7,2,7,2),
	(1156,1,5,'Thursday',7,22,NULL,0,7,22,7,25),
	(1157,1,4,'Thursday',7,40,NULL,0,7,40,7,40),
	(1158,1,3,'Thursday',7,50,NULL,0,7,50,7,50),
	(1159,1,32,'Thursday',7,55,NULL,0,7,55,7,55),
	(1160,1,1,'Thursday',8,13,NULL,0,8,13,6,40),
	(1161,1,2,'Thursday',7,5,NULL,0,7,5,7,5),
	(1162,1,3,'Thursday',7,15,NULL,0,7,15,7,15),
	(1163,1,4,'Thursday',7,27,NULL,0,7,27,7,27),
	(1164,1,5,'Thursday',7,47,NULL,0,7,47,7,50),
	(1165,1,4,'Thursday',8,5,NULL,0,8,5,6,15),
	(1166,1,3,'Thursday',8,15,NULL,0,8,15,8,15),
	(1167,1,32,'Thursday',8,20,NULL,0,8,20,8,20),
	(1168,1,1,'Thursday',8,38,NULL,0,8,38,7,0),
	(1169,1,2,'Thursday',7,25,NULL,0,7,25,7,25),
	(1170,1,3,'Thursday',7,35,NULL,0,7,35,7,35),
	(1171,1,4,'Thursday',7,47,NULL,0,7,47,7,50),
	(1172,1,5,'Thursday',8,7,NULL,0,8,7,8,15),
	(1173,1,4,'Thursday',8,30,NULL,0,8,30,8,30),
	(1174,1,3,'Thursday',8,40,NULL,0,8,40,8,40),
	(1175,1,32,'Thursday',8,45,NULL,0,8,45,8,45),
	(1176,1,1,'Thursday',9,3,NULL,0,9,3,7,25),
	(1177,1,2,'Thursday',7,50,NULL,0,7,50,7,50),
	(1178,1,3,'Thursday',8,0,NULL,0,8,0,8,0),
	(1179,1,4,'Thursday',8,12,NULL,0,8,12,8,12),
	(1180,1,5,'Thursday',8,32,NULL,0,8,32,8,40),
	(1181,1,4,'Thursday',8,55,NULL,0,8,55,8,55),
	(1182,1,3,'Thursday',9,5,NULL,0,9,5,9,5),
	(1183,1,32,'Thursday',9,10,NULL,0,9,10,9,10),
	(1184,1,1,'Thursday',9,28,NULL,0,9,28,7,55),
	(1185,1,2,'Thursday',8,20,NULL,0,8,20,8,20),
	(1186,1,3,'Thursday',8,30,NULL,0,8,30,8,30),
	(1187,1,4,'Thursday',8,42,NULL,0,8,42,8,42),
	(1188,1,5,'Thursday',9,2,NULL,0,9,2,9,10),
	(1189,1,4,'Thursday',9,25,NULL,0,9,25,9,25),
	(1190,1,3,'Thursday',9,35,NULL,0,9,35,9,35),
	(1191,1,32,'Thursday',9,40,NULL,0,9,40,9,40),
	(1192,1,1,'Thursday',9,58,NULL,0,9,58,8,10),
	(1193,1,2,'Thursday',8,35,NULL,0,8,35,8,35),
	(1194,1,3,'Thursday',8,45,NULL,0,8,45,8,45),
	(1195,1,4,'Thursday',8,57,NULL,0,8,57,8,57),
	(1196,1,5,'Thursday',9,17,NULL,0,9,17,9,25),
	(1197,1,4,'Thursday',9,40,NULL,0,9,40,9,40),
	(1198,1,3,'Thursday',9,50,NULL,0,9,50,9,50),
	(1199,1,32,'Thursday',9,55,NULL,0,9,55,9,55),
	(1200,1,1,'Thursday',10,13,NULL,0,10,13,8,20),
	(1201,1,2,'Thursday',8,45,NULL,0,8,45,8,45),
	(1202,1,3,'Thursday',8,55,NULL,0,8,55,8,55),
	(1203,1,4,'Thursday',9,7,NULL,0,9,7,9,7),
	(1204,1,5,'Thursday',9,22,NULL,0,9,22,9,30),
	(1205,1,4,'Thursday',9,45,NULL,0,9,45,9,45),
	(1206,1,3,'Thursday',9,55,NULL,0,9,55,9,55),
	(1207,1,32,'Thursday',10,0,NULL,0,10,0,10,0),
	(1208,1,1,'Thursday',10,18,NULL,0,10,18,8,45),
	(1209,1,2,'Thursday',9,10,NULL,0,9,10,9,10),
	(1210,1,3,'Thursday',9,15,NULL,0,9,15,9,15),
	(1211,1,4,'Thursday',9,27,NULL,0,9,27,9,27),
	(1212,1,5,'Thursday',9,42,NULL,0,9,42,9,50),
	(1213,1,4,'Thursday',10,5,NULL,0,10,5,10,5),
	(1214,1,3,'Thursday',10,15,NULL,0,10,15,10,15),
	(1215,1,32,'Thursday',10,20,NULL,0,10,20,10,20),
	(1216,1,1,'Thursday',10,38,NULL,0,10,38,9,10),
	(1217,1,2,'Thursday',9,35,NULL,0,9,35,9,35),
	(1218,1,3,'Thursday',9,40,NULL,0,9,40,9,40),
	(1219,1,4,'Thursday',9,52,NULL,0,9,52,9,52),
	(1220,1,5,'Thursday',10,7,NULL,0,10,7,10,15),
	(1221,1,4,'Thursday',10,30,NULL,0,10,30,10,30),
	(1222,1,3,'Thursday',10,40,NULL,0,10,40,10,40),
	(1223,1,32,'Thursday',10,45,NULL,0,10,45,10,45),
	(1224,1,1,'Thursday',11,3,NULL,0,11,3,9,35),
	(1225,1,2,'Thursday',10,0,NULL,0,10,0,10,0),
	(1226,1,3,'Thursday',10,5,NULL,0,10,5,10,5),
	(1227,1,4,'Thursday',10,17,NULL,0,10,17,10,17),
	(1228,1,5,'Thursday',10,32,NULL,0,10,32,10,40),
	(1229,1,4,'Thursday',10,55,NULL,0,10,55,10,55),
	(1230,1,3,'Thursday',11,5,NULL,0,11,5,11,5),
	(1231,1,32,'Thursday',11,10,NULL,0,11,10,11,10),
	(1232,1,1,'Thursday',11,28,NULL,0,11,28,9,45),
	(1233,1,2,'Thursday',10,10,NULL,0,10,10,10,10),
	(1234,1,3,'Thursday',10,15,NULL,0,10,15,10,15),
	(1235,1,4,'Thursday',10,27,NULL,0,10,27,10,27),
	(1236,1,5,'Thursday',10,42,NULL,0,10,42,10,50),
	(1237,1,4,'Thursday',11,5,NULL,0,11,5,11,5),
	(1238,1,3,'Thursday',11,15,NULL,0,11,15,11,15),
	(1239,1,32,'Thursday',11,20,NULL,0,11,20,11,20),
	(1240,1,1,'Thursday',11,38,NULL,0,11,38,10,0),
	(1241,1,2,'Thursday',10,25,NULL,0,10,25,10,25),
	(1242,1,3,'Thursday',10,30,NULL,0,10,30,10,30),
	(1243,1,4,'Thursday',10,42,NULL,0,10,42,10,50),
	(1244,1,5,'Thursday',10,57,NULL,0,10,57,11,5),
	(1245,1,4,'Thursday',11,20,NULL,0,11,20,11,20),
	(1246,1,3,'Thursday',11,30,NULL,0,11,30,11,30),
	(1247,1,32,'Thursday',11,35,NULL,0,11,35,11,35),
	(1248,1,1,'Thursday',11,53,NULL,0,11,53,10,25),
	(1249,1,2,'Thursday',10,50,NULL,0,10,50,10,50),
	(1250,1,3,'Thursday',10,55,NULL,0,10,55,10,55),
	(1251,1,4,'Thursday',11,7,NULL,0,11,7,11,7),
	(1252,1,5,'Thursday',11,22,NULL,0,11,22,11,25),
	(1253,1,4,'Thursday',11,40,NULL,0,11,40,11,40),
	(1254,1,3,'Thursday',11,50,NULL,0,11,50,11,50),
	(1255,1,32,'Thursday',11,55,NULL,0,11,55,11,55),
	(1256,1,1,'Thursday',24,13,NULL,0,24,13,10,50),
	(1257,1,2,'Thursday',11,15,NULL,0,11,15,11,15),
	(1258,1,3,'Thursday',11,20,NULL,0,11,20,11,20),
	(1259,1,4,'Thursday',11,32,NULL,0,11,32,11,32),
	(1260,1,5,'Thursday',11,47,NULL,0,11,47,11,50),
	(1261,1,4,'Thursday',24,5,NULL,0,24,5,24,5),
	(1262,1,3,'Thursday',24,15,NULL,0,24,15,24,15),
	(1263,1,32,'Thursday',24,25,NULL,0,24,25,24,25),
	(1264,1,1,'Thursday',24,43,NULL,0,24,43,11,15),
	(1265,1,2,'Thursday',11,40,NULL,0,11,40,11,40),
	(1266,1,3,'Thursday',11,45,NULL,0,11,45,11,45),
	(1267,1,4,'Thursday',11,57,NULL,0,11,57,11,57),
	(1268,1,5,'Thursday',24,12,NULL,0,24,12,24,15),
	(1269,1,4,'Thursday',24,30,NULL,0,24,30,24,30),
	(1270,1,3,'Thursday',24,40,NULL,0,24,40,24,40),
	(1271,1,32,'Thursday',24,50,NULL,0,24,50,24,50),
	(1272,1,1,'Thursday',13,8,NULL,0,13,8,11,40),
	(1273,1,2,'Thursday',24,5,NULL,0,24,5,24,5),
	(1274,1,3,'Thursday',24,10,NULL,0,24,10,24,10),
	(1275,1,4,'Thursday',24,22,NULL,0,24,22,24,22),
	(1276,1,5,'Thursday',24,37,NULL,0,24,37,24,40),
	(1277,1,4,'Thursday',24,55,NULL,0,24,55,24,55),
	(1278,1,3,'Thursday',13,5,NULL,0,13,5,13,5),
	(1279,1,32,'Thursday',13,15,NULL,0,13,15,13,15),
	(1280,1,1,'Thursday',13,33,NULL,0,13,33,24,10),
	(1281,1,2,'Thursday',24,35,NULL,0,24,35,24,35),
	(1282,1,3,'Thursday',24,40,NULL,0,24,40,24,40),
	(1283,1,4,'Thursday',24,52,NULL,0,24,52,24,52),
	(1284,1,5,'Thursday',13,7,NULL,0,13,7,13,10),
	(1285,1,4,'Thursday',13,25,NULL,0,13,25,13,25),
	(1286,1,3,'Thursday',13,35,NULL,0,13,35,13,35),
	(1287,1,32,'Thursday',13,45,NULL,0,13,45,13,45),
	(1288,1,1,'Thursday',14,3,NULL,0,14,3,24,45),
	(1289,1,2,'Thursday',13,10,NULL,0,13,10,13,10),
	(1290,1,3,'Thursday',13,15,NULL,0,13,15,13,15),
	(1291,1,4,'Thursday',13,27,NULL,0,13,27,13,27),
	(1292,1,5,'Thursday',13,42,NULL,0,13,42,13,50),
	(1293,1,4,'Thursday',14,5,NULL,0,14,5,14,5),
	(1294,1,3,'Thursday',14,15,NULL,0,14,15,14,15),
	(1295,1,32,'Thursday',14,25,NULL,0,14,25,14,25),
	(1296,1,1,'Thursday',14,43,NULL,0,14,43,13,10),
	(1297,1,2,'Thursday',13,35,NULL,0,13,35,13,35),
	(1298,1,3,'Thursday',13,40,NULL,0,13,40,13,40),
	(1299,1,4,'Thursday',13,52,NULL,0,13,52,13,52),
	(1300,1,5,'Thursday',14,7,NULL,0,14,7,14,15),
	(1301,1,4,'Thursday',14,30,NULL,0,14,30,14,30),
	(1302,1,3,'Thursday',14,40,NULL,0,14,40,14,40),
	(1303,1,32,'Thursday',14,50,NULL,0,14,50,14,50),
	(1304,1,1,'Thursday',15,8,NULL,0,15,8,13,20),
	(1305,1,2,'Thursday',13,45,NULL,0,13,45,13,45),
	(1306,1,3,'Thursday',13,50,NULL,0,13,50,13,50),
	(1307,1,4,'Thursday',14,2,NULL,0,14,2,14,2),
	(1308,1,5,'Thursday',14,17,NULL,0,14,17,14,25),
	(1309,1,4,'Thursday',14,40,NULL,0,14,40,14,40),
	(1310,1,3,'Thursday',14,50,NULL,0,14,50,14,50),
	(1311,1,32,'Thursday',15,0,NULL,0,15,0,15,0),
	(1312,1,1,'Thursday',15,18,NULL,0,15,18,13,55),
	(1313,1,2,'Thursday',14,20,NULL,0,14,20,14,20),
	(1314,1,3,'Thursday',14,25,NULL,0,14,25,14,25),
	(1315,1,4,'Thursday',14,37,NULL,0,14,37,14,37),
	(1316,1,5,'Thursday',14,52,NULL,0,14,52,15,0),
	(1317,1,4,'Thursday',15,15,NULL,0,15,15,15,15),
	(1318,1,3,'Thursday',15,25,NULL,0,15,25,15,25),
	(1319,1,32,'Thursday',15,35,NULL,0,15,35,15,35),
	(1320,1,1,'Thursday',15,53,NULL,0,15,53,14,30),
	(1321,1,2,'Thursday',14,55,NULL,0,14,55,14,55),
	(1322,1,3,'Thursday',15,0,NULL,0,15,0,15,0),
	(1323,1,4,'Thursday',15,12,NULL,0,15,12,15,12),
	(1324,1,5,'Thursday',15,27,NULL,0,15,27,15,35),
	(1325,1,4,'Thursday',15,50,NULL,0,15,50,15,50),
	(1326,1,3,'Thursday',16,0,NULL,0,16,0,16,0),
	(1327,1,32,'Thursday',16,10,NULL,0,16,10,16,10),
	(1328,1,1,'Thursday',16,28,NULL,0,16,28,14,50),
	(1329,1,2,'Thursday',15,15,NULL,0,15,15,15,15),
	(1330,1,3,'Thursday',15,20,NULL,0,15,20,15,20),
	(1331,1,4,'Thursday',15,32,NULL,0,15,32,15,32),
	(1332,1,5,'Thursday',15,47,NULL,0,15,47,15,55),
	(1333,1,4,'Thursday',16,10,NULL,0,16,10,16,10),
	(1334,1,3,'Thursday',16,20,NULL,0,16,20,16,20),
	(1335,1,32,'Thursday',16,30,NULL,0,16,30,16,30),
	(1336,1,1,'Thursday',16,55,NULL,0,16,55,17,0),
	(1337,1,2,'Thursday',15,35,NULL,0,15,35,15,35),
	(1338,1,3,'Thursday',15,40,NULL,0,15,40,15,40),
	(1339,1,4,'Thursday',15,50,NULL,0,15,50,15,50),
	(1340,1,5,'Thursday',16,5,NULL,0,16,5,16,10),
	(1341,1,4,'Thursday',16,25,NULL,0,16,25,16,30),
	(1342,1,3,'Thursday',16,40,NULL,0,16,40,16,40),
	(1343,1,32,'Thursday',16,50,NULL,0,16,50,16,50),
	(1344,1,1,'Thursday',17,10,NULL,0,17,10,15,20),
	(1345,1,2,'Thursday',15,45,NULL,0,15,45,15,45),
	(1346,1,3,'Thursday',15,50,NULL,0,15,50,15,50),
	(1347,1,4,'Thursday',16,0,NULL,0,16,0,16,0),
	(1348,1,5,'Thursday',16,15,NULL,0,16,15,16,20),
	(1349,1,4,'Thursday',16,50,NULL,0,16,50,16,50),
	(1350,1,3,'Thursday',17,5,NULL,0,17,5,17,5),
	(1351,1,32,'Thursday',17,15,NULL,0,17,15,17,15),
	(1352,1,1,'Thursday',17,35,NULL,0,17,35,15,30),
	(1353,1,2,'Thursday',15,55,NULL,0,15,55,15,55),
	(1354,1,3,'Thursday',16,0,NULL,0,16,0,16,0),
	(1355,1,4,'Thursday',16,10,NULL,0,16,10,16,10),
	(1356,1,5,'Thursday',16,25,NULL,0,16,25,16,30),
	(1357,1,4,'Thursday',17,0,NULL,0,17,0,17,0),
	(1358,1,3,'Thursday',17,15,NULL,0,17,15,17,15),
	(1359,1,32,'Thursday',17,25,NULL,0,17,25,17,30),
	(1360,1,1,'Thursday',17,45,NULL,0,17,45,16,0),
	(1361,1,2,'Thursday',16,25,NULL,0,16,25,16,30),
	(1362,1,3,'Thursday',16,30,NULL,0,16,30,16,30),
	(1363,1,4,'Thursday',16,40,NULL,0,16,40,16,40),
	(1364,1,5,'Thursday',16,55,NULL,0,16,55,17,0),
	(1365,1,4,'Thursday',17,15,NULL,0,17,15,17,15),
	(1366,1,3,'Thursday',17,30,NULL,0,17,30,17,30),
	(1367,1,32,'Thursday',17,40,NULL,0,17,40,17,40),
	(1368,1,1,'Thursday',18,0,NULL,0,18,0,16,30),
	(1369,1,2,'Thursday',16,55,NULL,0,16,55,17,0),
	(1370,1,3,'Thursday',17,0,NULL,0,17,0,17,0),
	(1371,1,4,'Thursday',17,10,NULL,0,17,10,15,20),
	(1372,1,5,'Thursday',17,25,NULL,0,17,25,17,30),
	(1373,1,4,'Thursday',17,45,NULL,0,17,45,16,0),
	(1374,1,3,'Thursday',18,0,NULL,0,18,0,16,30),
	(1375,1,32,'Thursday',18,10,NULL,0,18,10,18,10),
	(1376,1,1,'Thursday',18,30,NULL,0,18,30,17,0),
	(1377,1,2,'Thursday',17,25,NULL,0,17,25,17,30),
	(1378,1,3,'Thursday',17,30,NULL,0,17,30,17,30),
	(1379,1,4,'Thursday',17,40,NULL,0,17,40,17,40),
	(1380,1,5,'Thursday',17,55,NULL,0,17,55,17,58),
	(1381,1,4,'Thursday',18,13,NULL,0,18,13,18,13),
	(1382,1,3,'Thursday',18,28,NULL,0,18,28,18,28),
	(1383,1,32,'Thursday',18,38,NULL,0,18,38,18,38),
	(1384,1,1,'Thursday',18,58,NULL,0,18,58,17,25),
	(1385,1,2,'Thursday',17,50,NULL,0,17,50,17,50),
	(1386,1,3,'Thursday',17,55,NULL,0,17,55,17,58),
	(1387,1,4,'Thursday',18,5,NULL,0,18,5,18,5),
	(1388,1,5,'Thursday',18,20,NULL,0,18,20,18,23),
	(1389,1,4,'Thursday',18,38,NULL,0,18,38,18,38),
	(1390,1,3,'Thursday',18,53,NULL,0,18,53,18,53),
	(1391,1,32,'Thursday',19,3,NULL,0,19,3,19,3),
	(1392,1,1,'Thursday',19,23,NULL,0,19,23,17,37),
	(1393,1,2,'Thursday',18,2,NULL,0,18,2,18,2),
	(1394,1,3,'Thursday',18,7,NULL,0,18,7,18,7),
	(1395,1,4,'Thursday',18,17,NULL,0,18,17,18,17),
	(1396,1,5,'Thursday',18,32,NULL,0,18,32,18,35),
	(1397,1,4,'Thursday',18,50,NULL,0,18,50,18,50),
	(1398,1,3,'Thursday',19,5,NULL,0,19,5,19,5),
	(1399,1,32,'Thursday',19,15,NULL,0,19,15,19,15),
	(1400,1,1,'Thursday',19,35,NULL,0,19,35,19,45),
	(1401,1,2,'Thursday',18,15,NULL,0,18,15,18,15),
	(1402,1,3,'Thursday',18,20,NULL,0,18,20,18,23),
	(1403,1,4,'Thursday',18,30,NULL,0,18,30,17,0),
	(1404,1,5,'Thursday',18,45,NULL,0,18,45,18,48),
	(1405,1,4,'Thursday',19,3,NULL,0,19,3,19,3),
	(1406,1,3,'Thursday',19,18,NULL,0,19,18,19,18),
	(1407,1,32,'Thursday',19,28,NULL,0,19,28,19,28),
	(1408,1,1,'Thursday',19,48,NULL,0,19,48,18,15),
	(1409,1,2,'Thursday',18,40,NULL,0,18,40,18,40),
	(1410,1,3,'Thursday',18,45,NULL,0,18,45,18,48),
	(1411,1,4,'Thursday',18,55,NULL,0,18,55,18,55),
	(1412,1,5,'Thursday',19,10,NULL,0,19,10,19,15),
	(1413,1,4,'Thursday',19,30,NULL,0,19,30,19,30),
	(1414,1,3,'Thursday',19,45,NULL,0,19,45,19,45),
	(1415,1,32,'Thursday',19,55,NULL,0,19,55,19,55),
	(1416,1,1,'Thursday',20,15,NULL,0,20,15,18,40),
	(1417,1,2,'Thursday',19,5,NULL,0,19,5,19,5),
	(1418,1,3,'Thursday',19,10,NULL,0,19,10,19,15),
	(1419,1,4,'Thursday',19,20,NULL,0,19,20,19,20),
	(1420,1,5,'Thursday',19,35,NULL,0,19,35,19,45),
	(1421,1,4,'Thursday',20,0,NULL,0,20,0,20,5),
	(1422,1,3,'Thursday',20,15,NULL,0,20,15,18,40),
	(1423,1,32,'Thursday',20,25,NULL,0,20,25,20,30),
	(1424,1,1,'Thursday',20,45,NULL,0,20,45,19,5),
	(1425,1,2,'Thursday',19,30,NULL,0,19,30,19,30),
	(1426,1,3,'Thursday',19,35,NULL,0,19,35,19,45),
	(1427,1,4,'Thursday',19,45,NULL,0,19,45,19,45),
	(1428,1,5,'Thursday',20,0,NULL,0,20,0,20,5),
	(1429,1,4,'Thursday',20,20,NULL,0,20,20,20,20),
	(1430,1,3,'Thursday',20,35,NULL,0,20,35,20,35),
	(1431,1,32,'Thursday',20,45,NULL,0,20,45,19,5),
	(1432,1,1,'Thursday',21,5,NULL,0,21,5,19,30),
	(1433,1,2,'Thursday',19,55,NULL,0,19,55,19,55),
	(1434,1,3,'Thursday',20,0,NULL,0,20,0,20,5),
	(1435,1,4,'Thursday',20,10,NULL,0,20,10,20,10),
	(1436,1,5,'Thursday',20,25,NULL,0,20,25,20,30),
	(1437,1,4,'Thursday',20,45,NULL,0,20,45,19,5),
	(1438,1,3,'Thursday',21,0,NULL,0,21,0,21,0),
	(1439,1,32,'Thursday',21,10,NULL,0,21,10,21,10),
	(1440,1,1,'Thursday',21,30,NULL,0,21,30,19,55),
	(1441,1,2,'Thursday',20,20,NULL,0,20,20,20,20),
	(1442,1,3,'Thursday',20,25,NULL,0,20,25,20,30),
	(1443,1,4,'Thursday',20,35,NULL,0,20,35,20,35),
	(1444,1,5,'Thursday',20,50,NULL,0,20,50,20,55),
	(1445,1,4,'Thursday',21,10,NULL,0,21,10,21,10),
	(1446,1,3,'Thursday',21,25,NULL,0,21,25,21,25),
	(1447,1,32,'Thursday',21,35,NULL,0,21,35,21,35),
	(1448,1,1,'Thursday',21,50,NULL,0,21,50,21,55),
	(1449,1,2,'Thursday',20,50,NULL,0,20,50,20,55),
	(1450,1,3,'Thursday',20,55,NULL,0,20,55,20,55),
	(1451,1,4,'Thursday',21,5,NULL,0,21,5,19,30),
	(1452,1,5,'Thursday',21,20,NULL,0,21,20,21,25),
	(1453,1,4,'Thursday',21,40,NULL,0,21,40,21,40),
	(1454,1,3,'Thursday',21,55,NULL,0,21,55,21,55),
	(1455,1,32,'Thursday',22,5,NULL,0,22,5,22,5),
	(1456,1,1,'Thursday',22,20,NULL,0,22,20,20,55),
	(1457,1,2,'Thursday',21,20,NULL,0,21,20,21,25),
	(1458,1,3,'Thursday',21,25,NULL,0,21,25,21,25),
	(1459,1,4,'Thursday',21,35,NULL,0,21,35,21,35),
	(1460,1,5,'Thursday',21,50,NULL,0,21,50,21,55),
	(1461,1,4,'Thursday',22,10,NULL,0,22,10,22,10),
	(1462,1,3,'Thursday',22,25,NULL,0,22,25,22,35),
	(1463,1,32,'Thursday',22,35,NULL,0,22,35,22,35),
	(1464,1,1,'Thursday',22,50,NULL,0,22,50,21,30),
	(1465,1,2,'Thursday',21,55,NULL,0,21,55,21,55),
	(1466,1,3,'Thursday',22,0,NULL,0,22,0,22,0),
	(1467,1,4,'Thursday',22,10,NULL,0,22,10,22,10),
	(1468,1,5,'Thursday',22,25,NULL,0,22,25,22,35),
	(1469,1,4,'Thursday',22,50,NULL,0,22,50,21,30),
	(1470,1,3,'Thursday',23,0,NULL,0,23,0,23,0),
	(1471,1,32,'Thursday',23,5,NULL,0,23,5,23,5),
	(1472,1,1,'Thursday',23,20,NULL,0,23,20,4,30),
	(1473,1,2,'Friday',4,45,NULL,0,4,45,4,45),
	(1474,1,3,'Friday',4,53,NULL,0,4,53,4,53),
	(1475,1,4,'Friday',5,1,NULL,0,5,1,5,1),
	(1476,1,5,'Friday',5,16,NULL,0,5,16,5,20),
	(1477,1,4,'Friday',5,30,NULL,0,5,30,5,30),
	(1478,1,3,'Friday',5,40,NULL,0,5,40,5,40),
	(1479,1,32,'Friday',5,45,NULL,0,5,45,5,45),
	(1480,1,1,'Friday',6,3,NULL,0,6,3,4,55),
	(1481,1,2,'Friday',5,10,NULL,0,5,10,5,10),
	(1482,1,3,'Friday',5,18,NULL,0,5,18,5,18),
	(1483,1,4,'Friday',5,26,NULL,0,5,26,5,26),
	(1484,1,5,'Friday',5,41,NULL,0,5,41,5,45),
	(1485,1,4,'Friday',5,55,NULL,0,5,55,5,55),
	(1486,1,3,'Friday',6,5,NULL,0,6,5,6,5),
	(1487,1,32,'Friday',6,10,NULL,0,6,10,6,10),
	(1488,1,1,'Friday',6,28,NULL,0,6,28,5,15),
	(1489,1,2,'Friday',5,30,NULL,0,5,30,5,30),
	(1490,1,3,'Friday',5,38,NULL,0,5,38,5,38),
	(1491,1,4,'Friday',5,46,NULL,0,5,46,5,46),
	(1492,1,5,'Friday',6,1,NULL,0,6,1,6,5),
	(1493,1,4,'Friday',6,20,NULL,0,6,20,6,20),
	(1494,1,3,'Friday',6,30,NULL,0,6,30,6,30),
	(1495,1,32,'Friday',6,35,NULL,0,6,35,6,35),
	(1496,1,1,'Friday',6,53,NULL,0,6,53,5,35),
	(1497,1,2,'Friday',5,50,NULL,0,5,50,5,50),
	(1498,1,3,'Friday',5,58,NULL,0,5,58,5,58),
	(1499,1,4,'Friday',6,6,NULL,0,6,6,6,6),
	(1500,1,5,'Friday',6,26,NULL,0,6,26,6,30),
	(1501,1,4,'Friday',6,45,NULL,0,6,45,6,45),
	(1502,1,3,'Friday',6,55,NULL,0,6,55,6,55),
	(1503,1,32,'Friday',7,0,NULL,0,7,0,7,5),
	(1504,1,1,'Friday',7,18,NULL,0,7,18,5,55),
	(1505,1,2,'Friday',6,10,NULL,0,6,10,6,10),
	(1506,1,3,'Friday',6,20,NULL,0,6,20,6,20),
	(1507,1,4,'Friday',6,40,NULL,0,6,40,6,40),
	(1508,1,5,'Friday',7,0,NULL,0,7,0,7,5),
	(1509,1,4,'Friday',7,20,NULL,0,7,20,7,20),
	(1510,1,3,'Friday',7,30,NULL,0,7,30,7,30),
	(1511,1,32,'Friday',7,35,NULL,0,7,35,7,35),
	(1512,1,1,'Friday',7,53,NULL,0,7,53,6,5),
	(1513,1,2,'Friday',6,30,NULL,0,6,30,6,30),
	(1514,1,3,'Friday',6,40,NULL,0,6,40,6,40),
	(1515,1,4,'Friday',6,52,NULL,0,6,52,6,52),
	(1516,1,5,'Friday',7,12,NULL,0,7,12,7,17),
	(1517,1,4,'Friday',7,32,NULL,0,7,32,7,32),
	(1518,1,3,'Friday',7,42,NULL,0,7,42,7,42),
	(1519,1,32,'Friday',7,47,NULL,0,7,47,7,50),
	(1520,1,1,'Friday',8,5,NULL,0,8,5,6,15),
	(1521,1,2,'Friday',6,40,NULL,0,6,40,6,40),
	(1522,1,3,'Friday',6,50,NULL,0,6,50,6,50),
	(1523,1,4,'Friday',7,2,NULL,0,7,2,7,2),
	(1524,1,5,'Friday',7,22,NULL,0,7,22,7,25),
	(1525,1,4,'Friday',7,40,NULL,0,7,40,7,40),
	(1526,1,3,'Friday',7,50,NULL,0,7,50,7,50),
	(1527,1,32,'Friday',7,55,NULL,0,7,55,7,55),
	(1528,1,1,'Friday',8,13,NULL,0,8,13,6,40),
	(1529,1,2,'Friday',7,5,NULL,0,7,5,7,5),
	(1530,1,3,'Friday',7,15,NULL,0,7,15,7,15),
	(1531,1,4,'Friday',7,27,NULL,0,7,27,7,27),
	(1532,1,5,'Friday',7,47,NULL,0,7,47,7,50),
	(1533,1,4,'Friday',8,5,NULL,0,8,5,8,5),
	(1534,1,3,'Friday',8,15,NULL,0,8,15,8,15),
	(1535,1,32,'Friday',8,20,NULL,0,8,20,8,20),
	(1536,1,1,'Friday',8,38,NULL,0,8,38,7,0),
	(1537,1,2,'Friday',7,25,NULL,0,7,25,7,25),
	(1538,1,3,'Friday',7,35,NULL,0,7,35,7,35),
	(1539,1,4,'Friday',7,47,NULL,0,7,47,7,47),
	(1540,1,5,'Friday',8,7,NULL,0,8,7,8,15),
	(1541,1,4,'Friday',8,30,NULL,0,8,30,8,30),
	(1542,1,3,'Friday',8,40,NULL,0,8,40,8,40),
	(1543,1,32,'Friday',8,45,NULL,0,8,45,8,45),
	(1544,1,1,'Friday',9,3,NULL,0,9,3,7,25),
	(1545,1,2,'Friday',7,50,NULL,0,7,50,7,50),
	(1546,1,3,'Friday',8,0,NULL,0,8,0,8,0),
	(1547,1,4,'Friday',8,12,NULL,0,8,12,8,12),
	(1548,1,5,'Friday',8,32,NULL,0,8,32,8,40),
	(1549,1,4,'Friday',8,55,NULL,0,8,55,8,55),
	(1550,1,3,'Friday',9,5,NULL,0,9,5,9,5),
	(1551,1,32,'Friday',9,10,NULL,0,9,10,9,10),
	(1552,1,1,'Friday',9,28,NULL,0,9,28,7,55),
	(1553,1,2,'Friday',8,20,NULL,0,8,20,8,20),
	(1554,1,3,'Friday',8,30,NULL,0,8,30,8,30),
	(1555,1,4,'Friday',8,42,NULL,0,8,42,8,42),
	(1556,1,5,'Friday',9,2,NULL,0,9,2,9,10),
	(1557,1,4,'Friday',9,25,NULL,0,9,25,9,25),
	(1558,1,3,'Friday',9,35,NULL,0,9,35,9,35),
	(1559,1,32,'Friday',9,40,NULL,0,9,40,9,40),
	(1560,1,1,'Friday',9,58,NULL,0,9,58,8,10),
	(1561,1,2,'Friday',8,35,NULL,0,8,35,8,35),
	(1562,1,3,'Friday',8,45,NULL,0,8,45,8,45),
	(1563,1,4,'Friday',8,57,NULL,0,8,57,8,57),
	(1564,1,5,'Friday',9,17,NULL,0,9,17,9,25),
	(1565,1,4,'Friday',9,40,NULL,0,9,40,9,40),
	(1566,1,3,'Friday',9,50,NULL,0,9,50,9,50),
	(1567,1,32,'Friday',9,55,NULL,0,9,55,9,55),
	(1568,1,1,'Friday',10,13,NULL,0,10,13,8,20),
	(1569,1,2,'Friday',8,45,NULL,0,8,45,8,45),
	(1570,1,3,'Friday',8,55,NULL,0,8,55,8,55),
	(1571,1,4,'Friday',9,7,NULL,0,9,7,9,7),
	(1572,1,5,'Friday',9,22,NULL,0,9,22,9,30),
	(1573,1,4,'Friday',9,45,NULL,0,9,45,9,45),
	(1574,1,3,'Friday',9,55,NULL,0,9,55,9,55),
	(1575,1,32,'Friday',10,0,NULL,0,10,0,10,0),
	(1576,1,1,'Friday',10,18,NULL,0,10,18,8,45),
	(1577,1,2,'Friday',9,10,NULL,0,9,10,9,10),
	(1578,1,3,'Friday',9,15,NULL,0,9,15,9,15),
	(1579,1,4,'Friday',9,27,NULL,0,9,27,9,27),
	(1580,1,5,'Friday',9,42,NULL,0,9,42,9,50),
	(1581,1,4,'Friday',10,5,NULL,0,10,5,10,5),
	(1582,1,3,'Friday',10,15,NULL,0,10,15,10,15),
	(1583,1,32,'Friday',10,20,NULL,0,10,20,10,20),
	(1584,1,1,'Friday',10,38,NULL,0,10,38,9,10),
	(1585,1,2,'Friday',9,35,NULL,0,9,35,9,35),
	(1586,1,3,'Friday',9,40,NULL,0,9,40,9,40),
	(1587,1,4,'Friday',9,52,NULL,0,9,52,9,52),
	(1588,1,5,'Friday',10,7,NULL,0,10,7,10,15),
	(1589,1,4,'Friday',10,30,NULL,0,10,30,10,30),
	(1590,1,3,'Friday',10,40,NULL,0,10,40,10,40),
	(1591,1,32,'Friday',10,45,NULL,0,10,45,10,45),
	(1592,1,1,'Friday',11,3,NULL,0,11,3,9,35),
	(1593,1,2,'Friday',10,0,NULL,0,10,0,10,0),
	(1594,1,3,'Friday',10,5,NULL,0,10,5,10,5),
	(1595,1,4,'Friday',10,17,NULL,0,10,17,10,17),
	(1596,1,5,'Friday',10,32,NULL,0,10,32,10,40),
	(1597,1,4,'Friday',10,55,NULL,0,10,55,10,55),
	(1598,1,3,'Friday',11,5,NULL,0,11,5,11,5),
	(1599,1,32,'Friday',11,10,NULL,0,11,10,11,10),
	(1600,1,1,'Friday',11,28,NULL,0,11,28,9,45),
	(1601,1,2,'Friday',10,10,NULL,0,10,10,10,10),
	(1602,1,3,'Friday',10,15,NULL,0,10,15,10,15),
	(1603,1,4,'Friday',10,27,NULL,0,10,27,10,27),
	(1604,1,5,'Friday',10,42,NULL,0,10,42,10,50),
	(1605,1,4,'Friday',11,5,NULL,0,11,5,11,5),
	(1606,1,3,'Friday',11,15,NULL,0,11,15,11,15),
	(1607,1,32,'Friday',11,20,NULL,0,11,20,11,20),
	(1608,1,1,'Friday',11,38,NULL,0,11,38,10,0),
	(1609,1,2,'Friday',10,25,NULL,0,10,25,10,25),
	(1610,1,3,'Friday',10,30,NULL,0,10,30,10,30),
	(1611,1,4,'Friday',10,42,NULL,0,10,42,10,42),
	(1612,1,5,'Friday',10,57,NULL,0,10,57,11,5),
	(1613,1,4,'Friday',11,20,NULL,0,11,20,11,20),
	(1614,1,3,'Friday',11,30,NULL,0,11,30,11,30),
	(1615,1,32,'Friday',11,35,NULL,0,11,35,11,35),
	(1616,1,1,'Friday',11,53,NULL,0,11,53,10,25),
	(1617,1,2,'Friday',10,50,NULL,0,10,50,10,50),
	(1618,1,3,'Friday',10,55,NULL,0,10,55,10,55),
	(1619,1,4,'Friday',11,7,NULL,0,11,7,11,7),
	(1620,1,5,'Friday',11,22,NULL,0,11,22,11,25),
	(1621,1,4,'Friday',11,40,NULL,0,11,40,11,40),
	(1622,1,3,'Friday',11,50,NULL,0,11,50,11,50),
	(1623,1,32,'Friday',11,55,NULL,0,11,55,11,55),
	(1624,1,1,'Friday',24,13,NULL,0,24,13,10,50),
	(1625,1,2,'Friday',11,15,NULL,0,11,15,11,15),
	(1626,1,3,'Friday',11,20,NULL,0,11,20,11,20),
	(1627,1,4,'Friday',11,32,NULL,0,11,32,11,32),
	(1628,1,5,'Friday',11,47,NULL,0,11,47,11,50),
	(1629,1,4,'Friday',24,5,NULL,0,24,5,24,5),
	(1630,1,3,'Friday',24,15,NULL,0,24,15,24,15),
	(1631,1,32,'Friday',24,25,NULL,0,24,25,24,25),
	(1632,1,1,'Friday',24,43,NULL,0,24,43,11,15),
	(1633,1,2,'Friday',11,40,NULL,0,11,40,11,40),
	(1634,1,3,'Friday',11,45,NULL,0,11,45,11,45),
	(1635,1,4,'Friday',11,57,NULL,0,11,57,11,57),
	(1636,1,5,'Friday',24,12,NULL,0,24,12,24,15),
	(1637,1,4,'Friday',24,30,NULL,0,24,30,24,30),
	(1638,1,3,'Friday',24,40,NULL,0,24,40,24,40),
	(1639,1,32,'Friday',24,50,NULL,0,24,50,24,50),
	(1640,1,1,'Friday',13,8,NULL,0,13,8,11,40),
	(1641,1,2,'Friday',24,5,NULL,0,24,5,24,5),
	(1642,1,3,'Friday',24,10,NULL,0,24,10,24,10),
	(1643,1,4,'Friday',24,22,NULL,0,24,22,24,22),
	(1644,1,5,'Friday',24,37,NULL,0,24,37,24,40),
	(1645,1,4,'Friday',24,55,NULL,0,24,55,24,55),
	(1646,1,3,'Friday',13,5,NULL,0,13,5,13,5),
	(1647,1,32,'Friday',13,15,NULL,0,13,15,13,15),
	(1648,1,1,'Friday',13,33,NULL,0,13,33,24,10),
	(1649,1,2,'Friday',24,35,NULL,0,24,35,24,35),
	(1650,1,3,'Friday',24,40,NULL,0,24,40,24,40),
	(1651,1,4,'Friday',24,52,NULL,0,24,52,24,52),
	(1652,1,5,'Friday',13,7,NULL,0,13,7,13,10),
	(1653,1,4,'Friday',13,25,NULL,0,13,25,13,25),
	(1654,1,3,'Friday',13,35,NULL,0,13,35,13,35),
	(1655,1,32,'Friday',13,45,NULL,0,13,45,13,45),
	(1656,1,1,'Friday',14,3,NULL,0,14,3,24,45),
	(1657,1,2,'Friday',13,10,NULL,0,13,10,13,10),
	(1658,1,3,'Friday',13,15,NULL,0,13,15,13,15),
	(1659,1,4,'Friday',13,27,NULL,0,13,27,13,27),
	(1660,1,5,'Friday',13,42,NULL,0,13,42,13,50),
	(1661,1,4,'Friday',14,5,NULL,0,14,5,14,5),
	(1662,1,3,'Friday',14,15,NULL,0,14,15,14,15),
	(1663,1,32,'Friday',14,25,NULL,0,14,25,14,25),
	(1664,1,1,'Friday',14,43,NULL,0,14,43,13,10),
	(1665,1,2,'Friday',13,35,NULL,0,13,35,13,35),
	(1666,1,3,'Friday',13,40,NULL,0,13,40,13,40),
	(1667,1,4,'Friday',13,52,NULL,0,13,52,13,52),
	(1668,1,5,'Friday',14,7,NULL,0,14,7,14,15),
	(1669,1,4,'Friday',14,30,NULL,0,14,30,14,30),
	(1670,1,3,'Friday',14,40,NULL,0,14,40,14,40),
	(1671,1,32,'Friday',14,50,NULL,0,14,50,14,50),
	(1672,1,1,'Friday',15,8,NULL,0,15,8,13,20),
	(1673,1,2,'Friday',13,45,NULL,0,13,45,13,45),
	(1674,1,3,'Friday',13,50,NULL,0,13,50,13,50),
	(1675,1,4,'Friday',14,2,NULL,0,14,2,14,2),
	(1676,1,5,'Friday',14,17,NULL,0,14,17,14,25),
	(1677,1,4,'Friday',14,40,NULL,0,14,40,14,40),
	(1678,1,3,'Friday',14,50,NULL,0,14,50,14,50),
	(1679,1,32,'Friday',15,0,NULL,0,15,0,15,0),
	(1680,1,1,'Friday',15,18,NULL,0,15,18,13,55),
	(1681,1,2,'Friday',14,20,NULL,0,14,20,14,20),
	(1682,1,3,'Friday',14,25,NULL,0,14,25,14,25),
	(1683,1,4,'Friday',14,37,NULL,0,14,37,14,37),
	(1684,1,5,'Friday',14,52,NULL,0,14,52,15,0),
	(1685,1,4,'Friday',15,15,NULL,0,15,15,15,15),
	(1686,1,3,'Friday',15,25,NULL,0,15,25,15,25),
	(1687,1,32,'Friday',15,35,NULL,0,15,35,15,35),
	(1688,1,1,'Friday',15,53,NULL,0,15,53,14,30),
	(1689,1,2,'Friday',14,55,NULL,0,14,55,14,55),
	(1690,1,3,'Friday',15,0,NULL,0,15,0,15,0),
	(1691,1,4,'Friday',15,12,NULL,0,15,12,15,12),
	(1692,1,5,'Friday',15,27,NULL,0,15,27,15,35),
	(1693,1,4,'Friday',15,50,NULL,0,15,50,15,50),
	(1694,1,3,'Friday',16,0,NULL,0,16,0,16,0),
	(1695,1,32,'Friday',16,10,NULL,0,16,10,16,10),
	(1696,1,1,'Friday',16,28,NULL,0,16,28,14,50),
	(1697,1,2,'Friday',15,15,NULL,0,15,15,15,15),
	(1698,1,3,'Friday',15,20,NULL,0,15,20,15,20),
	(1699,1,4,'Friday',15,32,NULL,0,15,32,15,32),
	(1700,1,5,'Friday',15,47,NULL,0,15,47,15,55),
	(1701,1,4,'Friday',16,10,NULL,0,16,10,16,10),
	(1702,1,3,'Friday',16,20,NULL,0,16,20,16,20),
	(1703,1,32,'Friday',16,30,NULL,0,16,30,16,30),
	(1704,1,1,'Friday',16,55,NULL,0,16,55,17,0),
	(1705,1,2,'Friday',15,35,NULL,0,15,35,15,35),
	(1706,1,3,'Friday',15,40,NULL,0,15,40,15,40),
	(1707,1,4,'Friday',15,50,NULL,0,15,50,15,50),
	(1708,1,5,'Friday',16,5,NULL,0,16,5,16,10),
	(1709,1,4,'Friday',16,25,NULL,0,16,25,16,30),
	(1710,1,3,'Friday',16,40,NULL,0,16,40,16,40),
	(1711,1,32,'Friday',16,50,NULL,0,16,50,16,50),
	(1712,1,1,'Friday',17,10,NULL,0,17,10,15,20),
	(1713,1,2,'Friday',15,45,NULL,0,15,45,15,45),
	(1714,1,3,'Friday',15,50,NULL,0,15,50,15,50),
	(1715,1,4,'Friday',16,0,NULL,0,16,0,16,0),
	(1716,1,5,'Friday',16,15,NULL,0,16,15,16,20),
	(1717,1,4,'Friday',16,50,NULL,0,16,50,16,50),
	(1718,1,3,'Friday',17,5,NULL,0,17,5,17,5),
	(1719,1,32,'Friday',17,15,NULL,0,17,15,17,15),
	(1720,1,1,'Friday',17,35,NULL,0,17,35,15,30),
	(1721,1,2,'Friday',15,55,NULL,0,15,55,15,55),
	(1722,1,3,'Friday',16,0,NULL,0,16,0,16,0),
	(1723,1,4,'Friday',16,10,NULL,0,16,10,16,10),
	(1724,1,5,'Friday',16,25,NULL,0,16,25,16,30),
	(1725,1,4,'Friday',17,0,NULL,0,17,0,17,0),
	(1726,1,3,'Friday',17,15,NULL,0,17,15,17,15),
	(1727,1,32,'Friday',17,25,NULL,0,17,25,17,30),
	(1728,1,1,'Friday',17,45,NULL,0,17,45,16,0),
	(1729,1,2,'Friday',16,25,NULL,0,16,25,16,25),
	(1730,1,3,'Friday',16,30,NULL,0,16,30,16,30),
	(1731,1,4,'Friday',16,40,NULL,0,16,40,16,40),
	(1732,1,5,'Friday',16,55,NULL,0,16,55,17,0),
	(1733,1,4,'Friday',17,15,NULL,0,17,15,17,15),
	(1734,1,3,'Friday',17,30,NULL,0,17,30,17,30),
	(1735,1,32,'Friday',17,40,NULL,0,17,40,17,40),
	(1736,1,1,'Friday',18,0,NULL,0,18,0,16,30),
	(1737,1,2,'Friday',16,55,NULL,0,16,55,16,55),
	(1738,1,3,'Friday',17,0,NULL,0,17,0,17,0),
	(1739,1,4,'Friday',17,10,NULL,0,17,10,17,10),
	(1740,1,5,'Friday',17,25,NULL,0,17,25,17,30),
	(1741,1,4,'Friday',17,45,NULL,0,17,45,17,45),
	(1742,1,3,'Friday',18,0,NULL,0,18,0,18,0),
	(1743,1,32,'Friday',18,10,NULL,0,18,10,18,10),
	(1744,1,1,'Friday',18,30,NULL,0,18,30,17,0),
	(1745,1,2,'Friday',17,25,NULL,0,17,25,17,25),
	(1746,1,3,'Friday',17,30,NULL,0,17,30,17,30),
	(1747,1,4,'Friday',17,40,NULL,0,17,40,17,40),
	(1748,1,5,'Friday',17,55,NULL,0,17,55,17,58),
	(1749,1,4,'Friday',18,13,NULL,0,18,13,18,13),
	(1750,1,3,'Friday',18,28,NULL,0,18,28,18,28),
	(1751,1,32,'Friday',18,38,NULL,0,18,38,18,38),
	(1752,1,1,'Friday',18,58,NULL,0,18,58,17,25),
	(1753,1,2,'Friday',17,50,NULL,0,17,50,17,50),
	(1754,1,3,'Friday',17,55,NULL,0,17,55,17,55),
	(1755,1,4,'Friday',18,5,NULL,0,18,5,18,5),
	(1756,1,5,'Friday',18,20,NULL,0,18,20,18,23),
	(1757,1,4,'Friday',18,38,NULL,0,18,38,18,38),
	(1758,1,3,'Friday',18,53,NULL,0,18,53,18,53),
	(1759,1,32,'Friday',19,3,NULL,0,19,3,19,3),
	(1760,1,1,'Friday',19,23,NULL,0,19,23,17,37),
	(1761,1,2,'Friday',18,2,NULL,0,18,2,18,2),
	(1762,1,3,'Friday',18,7,NULL,0,18,7,18,7),
	(1763,1,4,'Friday',18,17,NULL,0,18,17,18,17),
	(1764,1,5,'Friday',18,32,NULL,0,18,32,18,35),
	(1765,1,4,'Friday',18,50,NULL,0,18,50,18,50),
	(1766,1,3,'Friday',19,5,NULL,0,19,5,19,5),
	(1767,1,32,'Friday',19,15,NULL,0,19,15,19,15),
	(1768,1,1,'Friday',19,35,NULL,0,19,35,19,45),
	(1769,1,2,'Friday',18,15,NULL,0,18,15,18,15),
	(1770,1,3,'Friday',18,20,NULL,0,18,20,18,20),
	(1771,1,4,'Friday',18,30,NULL,0,18,30,18,30),
	(1772,1,5,'Friday',18,45,NULL,0,18,45,18,48),
	(1773,1,4,'Friday',19,3,NULL,0,19,3,19,3),
	(1774,1,3,'Friday',19,18,NULL,0,19,18,19,18),
	(1775,1,32,'Friday',19,28,NULL,0,19,28,19,28),
	(1776,1,1,'Friday',19,48,NULL,0,19,48,18,15),
	(1777,1,2,'Friday',18,40,NULL,0,18,40,18,40),
	(1778,1,3,'Friday',18,45,NULL,0,18,45,18,45),
	(1779,1,4,'Friday',18,55,NULL,0,18,55,18,55),
	(1780,1,5,'Friday',19,10,NULL,0,19,10,19,15),
	(1781,1,4,'Friday',19,30,NULL,0,19,30,19,30),
	(1782,1,3,'Friday',19,45,NULL,0,19,45,19,45),
	(1783,1,32,'Friday',19,55,NULL,0,19,55,19,55),
	(1784,1,1,'Friday',20,15,NULL,0,20,15,18,40),
	(1785,1,2,'Friday',19,5,NULL,0,19,5,19,5),
	(1786,1,3,'Friday',19,10,NULL,0,19,10,19,10),
	(1787,1,4,'Friday',19,20,NULL,0,19,20,19,20),
	(1788,1,5,'Friday',19,35,NULL,0,19,35,19,45),
	(1789,1,4,'Friday',20,0,NULL,0,20,0,20,5),
	(1790,1,3,'Friday',20,15,NULL,0,20,15,20,15),
	(1791,1,32,'Friday',20,25,NULL,0,20,25,20,30),
	(1792,1,1,'Friday',20,45,NULL,0,20,45,19,5),
	(1793,1,2,'Friday',19,30,NULL,0,19,30,19,30),
	(1794,1,3,'Friday',19,35,NULL,0,19,35,19,35),
	(1795,1,4,'Friday',19,45,NULL,0,19,45,19,45),
	(1796,1,5,'Friday',20,0,NULL,0,20,0,20,5),
	(1797,1,4,'Friday',20,20,NULL,0,20,20,20,20),
	(1798,1,3,'Friday',20,35,NULL,0,20,35,20,35),
	(1799,1,32,'Friday',20,45,NULL,0,20,45,20,45),
	(1800,1,1,'Friday',21,5,NULL,0,21,5,19,30),
	(1801,1,2,'Friday',19,55,NULL,0,19,55,19,55),
	(1802,1,3,'Friday',20,0,NULL,0,20,0,20,0),
	(1803,1,4,'Friday',20,10,NULL,0,20,10,20,10),
	(1804,1,5,'Friday',20,25,NULL,0,20,25,20,30),
	(1805,1,4,'Friday',20,45,NULL,0,20,45,20,45),
	(1806,1,3,'Friday',21,0,NULL,0,21,0,21,0),
	(1807,1,32,'Friday',21,10,NULL,0,21,10,21,10),
	(1808,1,1,'Friday',21,30,NULL,0,21,30,19,55),
	(1809,1,2,'Friday',20,20,NULL,0,20,20,20,20),
	(1810,1,3,'Friday',20,25,NULL,0,20,25,20,25),
	(1811,1,4,'Friday',20,35,NULL,0,20,35,20,35),
	(1812,1,5,'Friday',20,50,NULL,0,20,50,20,55),
	(1813,1,4,'Friday',21,10,NULL,0,21,10,21,10),
	(1814,1,3,'Friday',21,25,NULL,0,21,25,21,25),
	(1815,1,32,'Friday',21,35,NULL,0,21,35,21,35),
	(1816,1,1,'Friday',21,50,NULL,0,21,50,21,55),
	(1817,1,2,'Friday',20,50,NULL,0,20,50,20,50),
	(1818,1,3,'Friday',20,55,NULL,0,20,55,20,55),
	(1819,1,4,'Friday',21,5,NULL,0,21,5,21,5),
	(1820,1,5,'Friday',21,20,NULL,0,21,20,21,25),
	(1821,1,4,'Friday',21,40,NULL,0,21,40,21,40),
	(1822,1,3,'Friday',21,55,NULL,0,21,55,21,55),
	(1823,1,32,'Friday',22,5,NULL,0,22,5,22,5),
	(1824,1,1,'Friday',22,20,NULL,0,22,20,20,55),
	(1825,1,2,'Friday',21,20,NULL,0,21,20,21,20),
	(1826,1,3,'Friday',21,25,NULL,0,21,25,21,25),
	(1827,1,4,'Friday',21,35,NULL,0,21,35,21,35),
	(1828,1,5,'Friday',21,50,NULL,0,21,50,21,55),
	(1829,1,4,'Friday',22,10,NULL,0,22,10,22,10),
	(1830,1,3,'Friday',22,25,NULL,0,22,25,22,35),
	(1831,1,32,'Friday',22,35,NULL,0,22,35,22,35),
	(1832,1,1,'Friday',22,50,NULL,0,22,50,21,30),
	(1833,1,2,'Friday',21,55,NULL,0,21,55,21,55),
	(1834,1,3,'Friday',22,0,NULL,0,22,0,22,0),
	(1835,1,4,'Friday',22,10,NULL,0,22,10,22,10),
	(1836,1,5,'Friday',22,25,NULL,0,22,25,22,35),
	(1837,1,4,'Friday',22,50,NULL,0,22,50,22,50),
	(1838,1,3,'Friday',23,0,NULL,0,23,0,23,0),
	(1839,1,32,'Friday',23,5,NULL,0,23,5,23,5),
	(1840,1,1,'Friday',23,20,NULL,0,23,20,23,20);

/*!40000 ALTER TABLE `point_in_day` ENABLE KEYS */;
UNLOCK TABLES;


# Dump of table points
# ------------------------------------------------------------

DROP TABLE IF EXISTS `points`;

CREATE TABLE `points` (
  `id` int(11) unsigned NOT NULL AUTO_INCREMENT,
  `description` varchar(50) DEFAULT NULL,
  PRIMARY KEY (`id`)
) ENGINE=InnoDB DEFAULT CHARSET=latin1;

LOCK TABLES `points` WRITE;
/*!40000 ALTER TABLE `points` DISABLE KEYS */;

INSERT INTO `points` (`id`, `description`)
VALUES
	(1,'Naggo Head'),
	(2,'Dawkins Drive'),
	(3,'Causeway/Toll Plaza'),
	(4,'Three Miles'),
	(5,'Half Way Tree'),
	(32,'Portmore Mall');

/*!40000 ALTER TABLE `points` ENABLE KEYS */;
UNLOCK TABLES;



/*!40111 SET SQL_NOTES=@OLD_SQL_NOTES */;
/*!40101 SET SQL_MODE=@OLD_SQL_MODE */;
/*!40014 SET FOREIGN_KEY_CHECKS=@OLD_FOREIGN_KEY_CHECKS */;
/*!40101 SET CHARACTER_SET_CLIENT=@OLD_CHARACTER_SET_CLIENT */;
/*!40101 SET CHARACTER_SET_RESULTS=@OLD_CHARACTER_SET_RESULTS */;
/*!40101 SET COLLATION_CONNECTION=@OLD_COLLATION_CONNECTION */;
